Arguments: 
  /Users/ujal/.nvm/versions/node/v22.18.0/bin/node /opt/homebrew/bin/yarn

PATH: 
  /Users/ujal/.composer/vendor/bin:/opt/homebrew/opt/php@7.2/sbin:/opt/homebrew/opt/php@7.2/bin:/Users/ujal/.nvm/versions/node/v22.18.0/bin:/usr/local/bin:/usr/local/sbin:/opt/homebrew/bin:/opt/homebrew/sbin:/usr/local/bin:/System/Cryptexes/App/usr/bin:/usr/bin:/bin:/usr/sbin:/sbin:/var/run/com.apple.security.cryptexd/codex.system/bootstrap/usr/local/bin:/var/run/com.apple.security.cryptexd/codex.system/bootstrap/usr/bin:/var/run/com.apple.security.cryptexd/codex.system/bootstrap/usr/appleinternal/bin:/opt/homebrew/opt/fzf/bin

Yarn version: 
  1.22.19

Node version: 
  22.18.0

Platform: 
  darwin arm64

Trace: 
  Invariant Violation: Commit hash required
      at invariant (/opt/homebrew/lib/node_modules/yarn/lib/cli.js:2318:15)
      at GitFetcher.<anonymous> (/opt/homebrew/lib/node_modules/yarn/lib/cli.js:89316:7)
      at Generator.next (<anonymous>)
      at step (/opt/homebrew/lib/node_modules/yarn/lib/cli.js:310:30)
      at /opt/homebrew/lib/node_modules/yarn/lib/cli.js:328:14
      at new Promise (<anonymous>)
      at new F (/opt/homebrew/lib/node_modules/yarn/lib/cli.js:5305:28)
      at GitFetcher.<anonymous> (/opt/homebrew/lib/node_modules/yarn/lib/cli.js:307:12)
      at GitFetcher.fetchFromExternal (/opt/homebrew/lib/node_modules/yarn/lib/cli.js:89334:20)
      at /opt/homebrew/lib/node_modules/yarn/lib/cli.js:89484:21

npm manifest: 
  {
    "name": "mygnu.com",
    "version": "0.0.0",
    "dependencies": {},
    "devDependencies": {
      "autoprefixer": "^6.6.0",
      "connect-livereload": "~0.2.0",
      "grunt": "~0.4.1",
      "grunt-bower-requirejs": "~0.7.0",
      "grunt-contrib-clean": "~0.5.0",
      "grunt-contrib-coffee": "^0.13.0",
      "grunt-contrib-compass": "~0.5.0",
      "grunt-contrib-concat": "~0.3.0",
      "grunt-contrib-connect": "~0.3.0",
      "grunt-contrib-copy": "~0.4.0",
      "grunt-contrib-cssmin": "git://github.com/gruntjs/grunt-contrib-cssmin.git",
      "grunt-contrib-htmlmin": "~0.1.3",
      "grunt-contrib-imagemin": "~2.0.1",
      "grunt-contrib-jshint": "~0.6.3",
      "grunt-contrib-jst": "~0.5.0",
      "grunt-contrib-less": "^1.1.0",
      "grunt-contrib-uglify": "~0.2.0",
      "grunt-contrib-watch": "git://github.com/gruntjs/grunt-contrib-watch",
      "grunt-image-embed": "~0.3.1",
      "grunt-mocha": "~0.4.1",
      "grunt-open": "~0.2.0",
      "grunt-postcss": "^0.8.0",
      "grunt-requirejs": "~0.4.0",
      "grunt-rev": "~0.1.0",
      "grunt-usemin": "~0.1.10",
      "load-grunt-tasks": "~0.1.0",
      "time-grunt": "~0.1.1"
    },
    "engines": {
      "node": ">=0.8.0"
    }
  }

yarn manifest: 
  No manifest

Lockfile: 
  # THIS IS AN AUTOGENERATED FILE. DO NOT EDIT THIS FILE DIRECTLY.
  # yarn lockfile v1
  
  
  abbrev@1:
    version "1.1.0"
    resolved "https://registry.npmjs.org/abbrev/-/abbrev-1.1.0.tgz"
    integrity sha512-c92Vmq5hfBgXyoUaHqF8P5+7THGjvxAlB64tm3PiFSAcDww34ndmrlSOd3AUaBZoutDwX0dHz9nUUFoD1jEw0Q==
  
  ajv@^4.9.1:
    version "4.11.8"
    resolved "https://registry.npmjs.org/ajv/-/ajv-4.11.8.tgz"
    integrity sha512-I/bSHSNEcFFqXLf91nchoNB9D1Kie3QKcWdchYUaoIg1+1bdWDkdfdlvdIOJbi9U8xR0y+MWc5D+won9v95WlQ==
    dependencies:
      co "^4.6.0"
      json-stable-stringify "^1.0.1"
  
  almond@0.2.x:
    version "0.2.9"
    resolved "https://registry.npmjs.org/almond/-/almond-0.2.9.tgz"
    integrity sha512-xBmfn/Nc4MoF1SnTGrD0X090mM2K7P2pOnzAJwy93DJe4v1uodwjgXzsVSJEUJLH4pBisU2eVL+zSa5Sip7HhQ==
  
  amdefine@>=0.0.4:
    version "1.0.1"
    resolved "https://registry.npmjs.org/amdefine/-/amdefine-1.0.1.tgz"
    integrity sha512-S2Hw0TtNkMJhIabBwIojKL9YHO5T0n5eNqWJ7Lrlel/zDbftQpxpapi8tZs3X1HWa+u+QeydGmzzNU0m09+Rcg==
  
  ansi-regex@^0.2.0, ansi-regex@^0.2.1:
    version "0.2.1"
    resolved "https://registry.npmjs.org/ansi-regex/-/ansi-regex-0.2.1.tgz"
    integrity sha512-sGwIGMjhYdW26/IhwK2gkWWI8DRCVO6uj3hYgHT+zD+QL1pa37tM3ujhyfcJIYSbsxp7Gxhy7zrRW/1AHm4BmA==
  
  ansi-regex@^2.0.0:
    version "2.1.1"
    resolved "https://registry.npmjs.org/ansi-regex/-/ansi-regex-2.1.1.tgz"
    integrity sha512-TIGnTpdo+E3+pCyAluZvtED5p5wCqLdezCyhPZzKPcxvFplEt4i+W7OONCKgeZFT3+y5NZZfOOS/Bdcanm1MYA==
  
  ansi-styles@^1.1.0:
    version "1.1.0"
    resolved "https://registry.npmjs.org/ansi-styles/-/ansi-styles-1.1.0.tgz"
    integrity sha512-f2PKUkN5QngiSemowa6Mrk9MPCdtFiOSmibjZ+j1qhLGHHYsqZwmBMRF3IRMVXo8sybDqx2fJl2d/8OphBoWkA==
  
  ansi-styles@^2.2.1:
    version "2.2.1"
    resolved "https://registry.npmjs.org/ansi-styles/-/ansi-styles-2.2.1.tgz"
    integrity sha512-kmCevFghRiWM7HB5zTPULl4r9bVFSWjz62MhqizDGUrq2NWuNMQyuv4tHHoKJHs69M/MF64lEcHdYIocrdWQYA==
  
  ansi-styles@^4.1.0:
    version "4.3.0"
    resolved "https://registry.npmjs.org/ansi-styles/-/ansi-styles-4.3.0.tgz"
    integrity sha512-zbB9rCJAT1rbjiVDb2hqKFHNYLxgtk8NURxZ3IZwD3F6NtxbXZQCnnSi1Lkx+IDohdPlFp222wVALIheZJQSEg==
    dependencies:
      color-convert "^2.0.1"
  
  ansi-styles@~0.2.0:
    version "0.2.0"
    resolved "https://registry.npmjs.org/ansi-styles/-/ansi-styles-0.2.0.tgz"
    integrity sha512-YyQBeLj0juxUC9uUXRpQ1ZAzPT1dnsn5vVeJLHYFq4Ct1p0rymUSyvckKCXCH9I0bh3jWDIETA5nXIaZVKlDyA==
  
  argparse@^1.0.7:
    version "1.0.9"
    resolved "https://registry.npmjs.org/argparse/-/argparse-1.0.9.tgz"
    integrity sha512-iK7YPKV+GsvihPUTKcM3hh2gq47zSFCpVDv/Ay2O9mzuD7dfvLV4vhms4XcjZvv4VRgXuGLMEts51IlTjS11/A==
    dependencies:
      sprintf-js "~1.0.2"
  
  "argparse@~ 0.1.11":
    version "0.1.16"
    resolved "https://registry.npmjs.org/argparse/-/argparse-0.1.16.tgz"
    integrity sha512-LjmC2dNpdn2L4UzyoaIr11ELYoLn37ZFy9zObrQFHsSuOepeUEMKnM8w5KL4Tnrp2gy88rRuQt6Ky8Bjml+Baw==
    dependencies:
      underscore "~1.7.0"
      underscore.string "~2.4.0"
  
  array-union@^1.0.1:
    version "1.0.2"
    resolved "https://registry.npmjs.org/array-union/-/array-union-1.0.2.tgz"
    integrity sha512-Dxr6QJj/RdU/hCaBjOfxW+q6lyuVE6JFWIrAUpuOOhoJJoQ99cUn3igRaHVB5P9WrgFVN0FfArM3x0cueOU8ng==
    dependencies:
      array-uniq "^1.0.1"
  
  array-uniq@^1.0.1:
    version "1.0.3"
    resolved "https://registry.npmjs.org/array-uniq/-/array-uniq-1.0.3.tgz"
    integrity sha512-MNha4BWQ6JbwhFhj03YK552f7cb3AzoE8SzeljgChvL1dl3IcvggXVz1DilzySZkCja+CXuZbdW7yATchWn8/Q==
  
  asap@~2.0.3:
    version "2.0.6"
    resolved "https://registry.npmjs.org/asap/-/asap-2.0.6.tgz"
    integrity sha512-BSHWgDSAiKs50o2Re8ppvp3seVHXSRM44cdSsT9FfNEUUZLOGWVCsiWaRPWM1Znn+mqZ1OfVZ3z3DWEzSp7hRA==
  
  asn1@~0.2.3:
    version "0.2.3"
    resolved "https://registry.npmjs.org/asn1/-/asn1-0.2.3.tgz"
    integrity sha512-6i37w/+EhlWlGUJff3T/Q8u1RGmP5wgbiwYnOnbOqvtrPxT63/sYFyP9RcpxtxGymtfA075IvmOnL7ycNOWl3w==
  
  asn1@0.1.11:
    version "0.1.11"
    resolved "https://registry.npmjs.org/asn1/-/asn1-0.1.11.tgz"
    integrity sha512-Fh9zh3G2mZ8qM/kwsiKwL2U2FmXxVsboP4x1mXjnhKHv3SmzaBZoYvxEQJz/YS2gnCgd8xlAVWcZnQyC9qZBsA==
  
  assert-plus@^0.1.5:
    version "0.1.5"
    resolved "https://registry.npmjs.org/assert-plus/-/assert-plus-0.1.5.tgz"
    integrity sha512-brU24g7ryhRwGCI2y+1dGQmQXiZF7TtIj583S96y0jjdajIe6wn8BuXyELYhvD22dtIxDQVFk04YTJwwdwOYJw==
  
  assert-plus@^0.2.0:
    version "0.2.0"
    resolved "https://registry.npmjs.org/assert-plus/-/assert-plus-0.2.0.tgz"
    integrity sha512-u1L0ZLywRziOVjUhRxI0Qg9G+4RnFB9H/Rq40YWn0dieDgO7vAYeJz6jKAO6t/aruzlDFLAPkQTT87e+f8Imaw==
  
  assert-plus@^1.0.0:
    version "1.0.0"
    resolved "https://registry.npmjs.org/assert-plus/-/assert-plus-1.0.0.tgz"
    integrity sha512-NfJ4UzBCcQGLDlQq7nHxH+tv3kyZ0hHQqF5BO6J7tNJeP5do1llPr8dZ8zHonfhAu0PHAdMkSo+8o0wxg9lZWw==
  
  assert-plus@1.0.0:
    version "1.0.0"
    resolved "https://registry.npmjs.org/assert-plus/-/assert-plus-1.0.0.tgz"
    integrity sha512-NfJ4UzBCcQGLDlQq7nHxH+tv3kyZ0hHQqF5BO6J7tNJeP5do1llPr8dZ8zHonfhAu0PHAdMkSo+8o0wxg9lZWw==
  
  async@^2.0.0:
    version "2.5.0"
    resolved "https://registry.npmjs.org/async/-/async-2.5.0.tgz"
    integrity sha512-e+lJAJeNWuPCNyxZKOBdaJGyLGHugXVQtrAwtuAe2vhxTYxFTKE73p8JuTmdH0qdQZtDvI4dhJwjZc5zsfIsYw==
    dependencies:
      lodash "^4.14.0"
  
  async@^2.0.1:
    version "2.5.0"
    resolved "https://registry.npmjs.org/async/-/async-2.5.0.tgz"
    integrity sha512-e+lJAJeNWuPCNyxZKOBdaJGyLGHugXVQtrAwtuAe2vhxTYxFTKE73p8JuTmdH0qdQZtDvI4dhJwjZc5zsfIsYw==
    dependencies:
      lodash "^4.14.0"
  
  async@^2.6.0:
    version "2.6.4"
    resolved "https://registry.npmjs.org/async/-/async-2.6.4.tgz"
    integrity sha512-mzo5dfJYwAn29PeiJ0zvwTo04zj8HDJj0Mn8TD7sno7q12prdbnasKJHhkm2c1LgrhlJ0teaea8860oxi51mGA==
    dependencies:
      lodash "^4.17.14"
  
  async@~0.1.22:
    version "0.1.22"
    resolved "https://registry.npmjs.org/async/-/async-0.1.22.tgz"
    integrity sha512-2tEzliJmf5fHNafNwQLJXUasGzQCVctvsNkXmnlELHwypU0p08/rHohYvkqKIjyXpx+0rkrYv6QbhJ+UF4QkBg==
  
  async@~0.2.0:
    version "0.2.10"
    resolved "https://registry.npmjs.org/async/-/async-0.2.10.tgz"
    integrity sha512-eAkdoKxU6/LkKDBzLpT+t6Ff5EtfSF4wx1WfJiPEEV7WNLnDaRXk0oVysiEPm262roaachGexwUv94WhSgN5TQ==
  
  async@~0.2.6:
    version "0.2.10"
    resolved "https://registry.npmjs.org/async/-/async-0.2.10.tgz"
    integrity sha512-eAkdoKxU6/LkKDBzLpT+t6Ff5EtfSF4wx1WfJiPEEV7WNLnDaRXk0oVysiEPm262roaachGexwUv94WhSgN5TQ==
  
  async@~0.9.0:
    version "0.9.2"
    resolved "https://registry.npmjs.org/async/-/async-0.9.2.tgz"
    integrity sha512-l6ToIJIotphWahxxHyzK9bnLR6kM4jJIIgLShZeqLY7iboHoGkdgFl7W2/Ivi4SkMJYGKqW8vSuk0uKUj6qsSw==
  
  asynckit@^0.4.0:
    version "0.4.0"
    resolved "https://registry.npmjs.org/asynckit/-/asynckit-0.4.0.tgz"
    integrity sha512-Oei9OH4tRh0YqU3GxhX79dM/mwVgvbZJaSNaRk+bshkj0S5cfHcgYakreBjrHwatXKbz+IoIdYLxrKim2MjW0Q==
  
  autoprefixer@^6.6.0:
    version "6.7.7"
    resolved "https://registry.npmjs.org/autoprefixer/-/autoprefixer-6.7.7.tgz"
    integrity sha512-WKExI/eSGgGAkWAO+wMVdFObZV7hQen54UpD1kCCTN3tvlL3W1jL4+lPP/M7MwoP7Q4RHzKtO3JQ4HxYEcd+xQ==
    dependencies:
      browserslist "^1.7.6"
      caniuse-db "^1.0.30000634"
      normalize-range "^0.1.2"
      num2fraction "^1.2.2"
      postcss "^5.2.16"
      postcss-value-parser "^3.2.3"
  
  aws-sign2@~0.5.0:
    version "0.5.0"
    resolved "https://registry.npmjs.org/aws-sign2/-/aws-sign2-0.5.0.tgz"
    integrity sha512-oqUX0DM5j7aPWPCnpWebiyNIj2wiNI87ZxnOMoGv0aE4TGlBy2N+5iWc6dQ/NOKZaBD2W6PVz8jtOGkWzSC5EA==
  
  aws-sign2@~0.6.0:
    version "0.6.0"
    resolved "https://registry.npmjs.org/aws-sign2/-/aws-sign2-0.6.0.tgz"
    integrity sha512-JnJpAS0p9RmixkOvW2XwDxxzs1bd4/VAGIl6Q0EC5YOo+p+hqIhtDhn/nmFnB/xUNXbLkpE2mOjgVIBRKD4xYw==
  
  aws4@^1.2.1:
    version "1.6.0"
    resolved "https://registry.npmjs.org/aws4/-/aws4-1.6.0.tgz"
    integrity sha512-tkleq4Df8UWu/7xf/tfbo7t2vDa07bcONGnKhl0QXKQsh3fJ0yJ1M5wzpy8BtBSENQw/9VTsthMhLG+yXHfStQ==
  
  balanced-match@^1.0.0:
    version "1.0.0"
    resolved "https://registry.npmjs.org/balanced-match/-/balanced-match-1.0.0.tgz"
    integrity sha512-9Y0g0Q8rmSt+H33DfKv7FOc3v+iRI+o1lbzt8jGcIosYW37IIW/2XVYq5NPdmaD5NQ59Nk26Kl/vZbwW9Fr8vg==
  
  bcrypt-pbkdf@^1.0.0:
    version "1.0.1"
    resolved "https://registry.npmjs.org/bcrypt-pbkdf/-/bcrypt-pbkdf-1.0.1.tgz"
    integrity sha512-vY4sOrSlpwNZXsinfJ0HpbSkFft4nhSVLeUrQ4j2ydGmBOiVY83aMJStJATBy0C3+XdaYa990kIA1qkC2mUq6g==
    dependencies:
      tweetnacl "^0.14.3"
  
  bl@~0.9.0:
    version "0.9.5"
    resolved "https://registry.npmjs.org/bl/-/bl-0.9.5.tgz"
    integrity sha512-njlCs8XLBIK7LCChTWfzWuIAxkpmmLXcL7/igCofFT1B039Sz0IPnAmosN5QaO22lU4qr8LcUz2ojUlE6pLkRQ==
    dependencies:
      readable-stream "~1.0.26"
  
  bl@~1.0.0:
    version "1.0.3"
    resolved "https://registry.npmjs.org/bl/-/bl-1.0.3.tgz"
    integrity sha512-phbvN+yOk05EGoFcV/0S8N8ShnJqf6VCWRAw5he2gvRwBubFt/OzmcTNGqBt5b7Y4RK3YCgf6jrgGSR0Cwtsgw==
    dependencies:
      readable-stream "~2.0.5"
  
  body@^5.1.0:
    version "5.1.0"
    resolved "https://registry.npmjs.org/body/-/body-5.1.0.tgz"
    integrity sha512-chUsBxGRtuElD6fmw1gHLpvnKdVLK302peeFa9ZqAEk8TyzZ3fygLyUEDDPTJvL9+Bor0dIwn6ePOsRM2y0zQQ==
    dependencies:
      continuable-cache "^0.3.1"
      error "^7.0.0"
      raw-body "~1.1.0"
      safe-json-parse "~1.0.1"
  
  boom@0.4.x:
    version "0.4.2"
    resolved "https://registry.npmjs.org/boom/-/boom-0.4.2.tgz"
    integrity sha512-OvfN8y1oAxxphzkl2SnCS+ztV/uVKTATtgLjWYg/7KwcNyf3rzpHxNQJZCKtsZd4+MteKczhWbSjtEX4bGgU9g==
    dependencies:
      hoek "0.9.x"
  
  boom@2.x.x:
    version "2.10.1"
    resolved "https://registry.npmjs.org/boom/-/boom-2.10.1.tgz"
    integrity sha512-KbiZEa9/vofNcVJXGwdWWn25reQ3V3dHBWbS07FTF3/TOehLnm9GEhJV4T6ZvGPkShRpmUqYwnaCrkj0mRnP6Q==
    dependencies:
      hoek "2.x.x"
  
  bower@~1.x:
    version "1.8.14"
    resolved "https://registry.npmjs.org/bower/-/bower-1.8.14.tgz"
    integrity sha512-8Rq058FD91q9Nwthyhw0la9fzpBz0iwZTrt51LWl+w+PnJgZk9J+5wp3nibsJcIUPglMYXr4NRBaR+TUj0OkBQ==
  
  brace-expansion@^1.1.7:
    version "1.1.8"
    resolved "https://registry.npmjs.org/brace-expansion/-/brace-expansion-1.1.8.tgz"
    integrity sha512-Dnfc9ROAPrkkeLIUweEbh7LFT9Mc53tO/bbM044rKjhgAEyIGKvKXg97PM/kRizZIfUHaROZIoeEaWao+Unzfw==
    dependencies:
      balanced-match "^1.0.0"
      concat-map "0.0.1"
  
  browserslist@^1.7.6:
    version "1.7.7"
    resolved "https://registry.npmjs.org/browserslist/-/browserslist-1.7.7.tgz"
    integrity sha512-qHJblDE2bXVRYzuDetv/wAeHOJyO97+9wxC1cdCtyzgNuSozOyRCiiLaCR1f71AN66lQdVVBipWm63V+a7bPOw==
    dependencies:
      caniuse-db "^1.0.30000639"
      electron-to-chromium "^1.2.7"
  
  buffer-crc32@0.2.1:
    version "0.2.1"
    resolved "https://registry.npmjs.org/buffer-crc32/-/buffer-crc32-0.2.1.tgz"
    integrity sha512-vMfBIRp/wjlpueSz7Sb0OmO7C5SH58SSmbsT8G4D48YfO/Zgbr29xNXMpZVSC14ujVJfrZZH1Bl+kXYRQPuvfQ==
  
  buffers@~0.1.1:
    version "0.1.1"
    resolved "https://registry.npmjs.org/buffers/-/buffers-0.1.1.tgz"
    integrity sha512-9q/rDEGSb/Qsvv2qvzIzdluL5k7AaJOTrw23z9reQthrbF7is4CtlT0DXyO1oei2DCp4uojjzQ7igaSHp1kAEQ==
  
  bytes@0.2.0:
    version "0.2.0"
    resolved "https://registry.npmjs.org/bytes/-/bytes-0.2.0.tgz"
    integrity sha512-qH6XVfDizpXcxZisRfVo6rtnGQC2EoF88+p29KDyGN/0VQXFJ+ot8pkYiD673sUgeTirO42UVBitFOFzjVOIrQ==
  
  bytes@1:
    version "1.0.0"
    resolved "https://registry.npmjs.org/bytes/-/bytes-1.0.0.tgz"
    integrity sha512-/x68VkHLeTl3/Ll8IvxdwzhrT+IyKc52e/oyHhA2RwqPqswSnjVbSddfPRwAsJtbilMAPSRWwAlpxdYsSWOTKQ==
  
  call-bind@^1.0.7:
    version "1.0.7"
    resolved "https://registry.npmjs.org/call-bind/-/call-bind-1.0.7.tgz"
    integrity sha512-GHTSNSYICQ7scH7sZ+M2rFopRoLh8t2bLSW6BbgrtLsahOIB5iyAVJf9GjWK3cYTDaMj4XdBpM1cA6pIS0Kv2w==
    dependencies:
      es-define-property "^1.0.0"
      es-errors "^1.3.0"
      function-bind "^1.1.2"
      get-intrinsic "^1.2.4"
      set-function-length "^1.2.1"
  
  camelcase@^1.0.2:
    version "1.2.1"
    resolved "https://registry.npmjs.org/camelcase/-/camelcase-1.2.1.tgz"
    integrity sha512-wzLkDa4K/mzI1OSITC+DUyjgIl/ETNHE9QvYgy6J6Jvqyyz4C0Xfd+lQhb19sX2jMpZV4IssUn0VDVmglV+s4g==
  
  caniuse-db@^1.0.30000634, caniuse-db@^1.0.30000639:
    version "1.0.30000715"
    resolved "https://registry.npmjs.org/caniuse-db/-/caniuse-db-1.0.30000715.tgz"
    integrity sha512-qXrAOqhNPPK9iE2AX0Kqqxr1Y+PG/f6l3dKRTtlaIf4NeGtNCRNupX15DDupiqjpl+Bp9gw5YqAp9zZ7Tqrb/Q==
  
  caseless@~0.11.0:
    version "0.11.0"
    resolved "https://registry.npmjs.org/caseless/-/caseless-0.11.0.tgz"
    integrity sha512-ODLXH644w9C2fMPAm7bMDQ3GRvipZWZfKc+8As6hIadRIelE0n0xZuN38NS6kiK3KPEVrpymmQD8bvncAHWQkQ==
  
  caseless@~0.12.0:
    version "0.12.0"
    resolved "https://registry.npmjs.org/caseless/-/caseless-0.12.0.tgz"
    integrity sha512-4tYFyifaFfGacoiObjJegolkwSU4xQNGbVgUiNYVUxbQ2x2lUsFvY4hVgVzGiIe6WLOPqycWXA40l+PWsxthUw==
  
  caseless@~0.8.0:
    version "0.8.0"
    resolved "https://registry.npmjs.org/caseless/-/caseless-0.8.0.tgz"
    integrity sha512-RtOAnto0D6IIVC+dU+vHyH0tXs6BfZ/s0kaaT5+6loiwoi9O3+J5iASBkliQHrd8GSRNGERS7f8pgaRc895bAg==
  
  chalk@^0.5.1:
    version "0.5.1"
    resolved "https://registry.npmjs.org/chalk/-/chalk-0.5.1.tgz"
    integrity sha512-bIKA54hP8iZhyDT81TOsJiQvR1gW+ZYSXFaZUAvoD4wCHdbHY2actmpTE4x344ZlFqHbvoxKOaESULTZN2gstg==
    dependencies:
      ansi-styles "^1.1.0"
      escape-string-regexp "^1.0.0"
      has-ansi "^0.1.0"
      strip-ansi "^0.3.0"
      supports-color "^0.2.0"
  
  chalk@^1.0.0:
    version "1.1.3"
    resolved "https://registry.npmjs.org/chalk/-/chalk-1.1.3.tgz"
    integrity sha512-U3lRVLMSlsCfjqYPbLyVv11M9CPW4I728d6TCKMAOJueEeB9/8o+eSsMnxPJD+Q+K909sdESg7C+tIkoH6on1A==
    dependencies:
      ansi-styles "^2.2.1"
      escape-string-regexp "^1.0.2"
      has-ansi "^2.0.0"
      strip-ansi "^3.0.0"
      supports-color "^2.0.0"
  
  chalk@^1.1.1:
    version "1.1.3"
    resolved "https://registry.npmjs.org/chalk/-/chalk-1.1.3.tgz"
    integrity sha512-U3lRVLMSlsCfjqYPbLyVv11M9CPW4I728d6TCKMAOJueEeB9/8o+eSsMnxPJD+Q+K909sdESg7C+tIkoH6on1A==
    dependencies:
      ansi-styles "^2.2.1"
      escape-string-regexp "^1.0.2"
      has-ansi "^2.0.0"
      strip-ansi "^3.0.0"
      supports-color "^2.0.0"
  
  chalk@^1.1.3:
    version "1.1.3"
    resolved "https://registry.npmjs.org/chalk/-/chalk-1.1.3.tgz"
    integrity sha512-U3lRVLMSlsCfjqYPbLyVv11M9CPW4I728d6TCKMAOJueEeB9/8o+eSsMnxPJD+Q+K909sdESg7C+tIkoH6on1A==
    dependencies:
      ansi-styles "^2.2.1"
      escape-string-regexp "^1.0.2"
      has-ansi "^2.0.0"
      strip-ansi "^3.0.0"
      supports-color "^2.0.0"
  
  chalk@^4.1.0:
    version "4.1.2"
    resolved "https://registry.npmjs.org/chalk/-/chalk-4.1.2.tgz"
    integrity sha512-oKnbhFyRIXpUuez8iBMmyEa4nbj4IOQyuhc/wy9kY7/WVPcwIO9VA668Pu8RkO7+0G76SLROeyw9CpQ061i4mA==
    dependencies:
      ansi-styles "^4.1.0"
      supports-color "^7.1.0"
  
  chalk@^4.1.2:
    version "4.1.2"
    resolved "https://registry.npmjs.org/chalk/-/chalk-4.1.2.tgz"
    integrity sha512-oKnbhFyRIXpUuez8iBMmyEa4nbj4IOQyuhc/wy9kY7/WVPcwIO9VA668Pu8RkO7+0G76SLROeyw9CpQ061i4mA==
    dependencies:
      ansi-styles "^4.1.0"
      supports-color "^7.1.0"
  
  chalk@~0.3.0:
    version "0.3.0"
    resolved "https://registry.npmjs.org/chalk/-/chalk-0.3.0.tgz"
    integrity sha512-OcfgS16PHpCu2Q4TNMtk0aZNx8PyeNiiB+6AgGH91fhT9hJ3v6pIIJ3lxlaOEDHlTm8t3wDe6bDGamvtIokQTg==
    dependencies:
      ansi-styles "~0.2.0"
      has-color "~0.1.0"
  
  cheerio@0.13.x:
    version "0.13.1"
    resolved "https://registry.npmjs.org/cheerio/-/cheerio-0.13.1.tgz"
    integrity sha512-rf91mJeJg8CiTithSnWkxLzU7tlxwEhV2ABumqaYqa/p5yyojI6U4CrilM+UtVWOTtjNE2Y3zEkYMuZdjWJ76g==
    dependencies:
      CSSselect "~0.4.0"
      entities "0.x"
      htmlparser2 "~3.4.0"
      underscore "~1.5"
  
  clap@^1.0.9:
    version "1.2.0"
    resolved "https://registry.npmjs.org/clap/-/clap-1.2.0.tgz"
    integrity sha512-aHGzQytESd0QZCU3zSeIrffsRKFpiQwrIX1lyixfryDu/vHmGOPyvrhNa8na2KhMkjtpHVfjb7ZEfGcgK8/2Aw==
    dependencies:
      chalk "^1.1.3"
  
  clean-css@^5.3.2:
    version "5.3.3"
    resolved "https://registry.npmjs.org/clean-css/-/clean-css-5.3.3.tgz"
    integrity sha512-D5J+kHaVb/wKSFcyyV75uCn8fiY4sV38XJoe4CUyGQ+mOU/fMVYUdH1hJC+CJQ5uY3EnW27SbJYS4X8BiLrAFg==
    dependencies:
      source-map "~0.6.0"
  
  cli@0.4.x:
    version "0.4.5"
    resolved "https://registry.npmjs.org/cli/-/cli-0.4.5.tgz"
    integrity sha512-dbn5HyeJWSOU58RwOEiF1VWrl7HRvDsKLpu0uiI/vExH6iNoyUzjB5Mr3IJY5DVUfnbpe9793xw4DFJVzC9nWQ==
    dependencies:
      glob ">= 3.1.4"
  
  co@^4.6.0:
    version "4.6.0"
    resolved "https://registry.npmjs.org/co/-/co-4.6.0.tgz"
    integrity sha512-QVb0dM5HvG+uaxitm8wONl7jltx8dqhfU33DcqtOZcLSVIKSDDLDi7+0LbAKiyI8hD9u42m2YxXSkMGWThaecQ==
  
  coa@~1.0.1:
    version "1.0.4"
    resolved "https://registry.npmjs.org/coa/-/coa-1.0.4.tgz"
    integrity sha512-KAGck/eNAmCL0dcT3BiuYwLbExK6lduR8DxM3C1TyDzaXhZHyZ8ooX5I5+na2e3dPFuibfxrGdorr0/Lr7RYCQ==
    dependencies:
      q "^1.1.2"
  
  coffee-script@~1.3.3:
    version "1.3.3"
    resolved "https://registry.npmjs.org/coffee-script/-/coffee-script-1.3.3.tgz"
    integrity sha512-QjQ1T4BqyHv19k6XSfdhy/QLlIOhywz0ekBUCa9h71zYMJlfDTGan/Z1JXzYkZ6v8R+GhvL/p4FZPbPW8WNXlg==
  
  coffee-script@~1.9.1:
    version "1.9.3"
    resolved "https://registry.npmjs.org/coffee-script/-/coffee-script-1.9.3.tgz"
    integrity sha512-1OI9eqke8sJnKxa+sseMwCdNoz4dYknk02Ttz6rBbg6ZBujrbjhnickttm0S+Fnlrj+Q62RoATui5qSVi+sPJg==
  
  color-convert@^2.0.1:
    version "2.0.1"
    resolved "https://registry.npmjs.org/color-convert/-/color-convert-2.0.1.tgz"
    integrity sha512-RRECPsj7iu/xb5oKYcsFHSppFNnsj/52OVTRKb4zP5onXwVF3zVmmToNcOfGC+CRDpfK/U584fMg38ZHCaElKQ==
    dependencies:
      color-name "~1.1.4"
  
  color-name@~1.1.4:
    version "1.1.4"
    resolved "https://registry.npmjs.org/color-name/-/color-name-1.1.4.tgz"
    integrity sha512-dOy+3AuW3a2wNbZHIuMZpTcgjGuLU/uBL/ubcZF9OXbDo8ff4O8yVp5Bf0efS8uEoYo5q4Fx7dY9OgQGXgAsQA==
  
  colors@~0.6.2:
    version "0.6.2"
    resolved "https://registry.npmjs.org/colors/-/colors-0.6.2.tgz"
    integrity sha512-OsSVtHK8Ir8r3+Fxw/b4jS1ZLPXkV6ZxDRJQzeD7qo0SqMXWrHDM71DgYzPMHY8SFJ0Ao+nNU2p1MmwdzKqPrw==
  
  colors@~1.1.2:
    version "1.1.2"
    resolved "https://registry.npmjs.org/colors/-/colors-1.1.2.tgz"
    integrity sha512-ENwblkFQpqqia6b++zLD/KUWafYlVY/UNnAp7oz7LY7E924wmpye416wBOmvv/HMWzl8gL1kJlfvId/1Dg176w==
  
  combined-stream@^1.0.5, combined-stream@~1.0.5:
    version "1.0.5"
    resolved "https://registry.npmjs.org/combined-stream/-/combined-stream-1.0.5.tgz"
    integrity sha512-JgSRe4l4UzPwpJuxfcPWEK1SCrL4dxNjp1uqrQLMop3QZUVo+hDU8w9BJKA4JPbulTWI+UzrI2UA3tK12yQ6bg==
    dependencies:
      delayed-stream "~1.0.0"
  
  combined-stream@~0.0.4, combined-stream@~0.0.5:
    version "0.0.7"
    resolved "https://registry.npmjs.org/combined-stream/-/combined-stream-0.0.7.tgz"
    integrity sha512-qfexlmLp9MyrkajQVyjEDb0Vj+KhRgR/rxLiVhaihlT+ZkX0lReqtH6Ack40CvMDERR4b5eFp3CreskpBs1Pig==
    dependencies:
      delayed-stream "0.0.5"
  
  commander@^2.9.0:
    version "2.11.0"
    resolved "https://registry.npmjs.org/commander/-/commander-2.11.0.tgz"
    integrity sha512-b0553uYA5YAEGgyYIGYROzKQ7X5RAqedkfjiZxwi0kL1g3bOaBNNZfYkzt/CL0umgD5wc9Jec2FbB98CjkMRvQ==
  
  commander@0.6.1:
    version "0.6.1"
    resolved "https://registry.npmjs.org/commander/-/commander-0.6.1.tgz"
    integrity sha512-0fLycpl1UMTGX257hRsu/arL/cUbcvQM4zMKwvLvzXtfdezIV4yotPS2dYtknF+NmEfWSoCEF6+hj9XLm/6hEw==
  
  commander@2.3.0:
    version "2.3.0"
    resolved "https://registry.npmjs.org/commander/-/commander-2.3.0.tgz"
    integrity sha512-CD452fnk0jQyk3NfnK+KkR/hUPoHt5pVaKHogtyyv3N0U4QfAal9W0/rXLOg/vVZgQKa7jdtXypKs1YAip11uQ==
  
  concat-map@0.0.1:
    version "0.0.1"
    resolved "https://registry.npmjs.org/concat-map/-/concat-map-0.0.1.tgz"
    integrity sha512-/Srv4dswyQNBfohGpz9o6Yb3Gz3SrUDqBH5rTuhGR7ahtlbYKnVxw2bCFMRljaA7EXHaXZ8wsHdodFvbkhKmqg==
  
  concat-stream@1.5.0:
    version "1.5.0"
    resolved "https://registry.npmjs.org/concat-stream/-/concat-stream-1.5.0.tgz"
    integrity sha512-litEocitzYgqQ0IPaoLw+tCHcVcJJYW05+SAhH+LS9qutSC7iuejvawts3cUYQycZbRbLsjG8mCJLQi2KX5kEw==
    dependencies:
      inherits "~2.0.1"
      readable-stream "~2.0.0"
      typedarray "~0.0.5"
  
  connect-livereload@~0.2.0:
    version "0.2.0"
    resolved "https://registry.npmjs.org/connect-livereload/-/connect-livereload-0.2.0.tgz"
    integrity sha512-yiaENbl5xNL2DciS70bWwc1XWVcMoEJauU9Jtm9W4hb/Wre7jLJv2/+/YrfNQSle2x9Vfjym+9YzFBSeG30Oug==
  
  connect@~2.7.3:
    version "2.7.11"
    resolved "https://registry.npmjs.org/connect/-/connect-2.7.11.tgz"
    integrity sha512-ctGS2WcjBqSb26sOw28buBnOW5HqS0m3WjAVTloP4+VGPyi8nVyVOaGgA/BxSj0rJZRTp/wVHHxA9YEGyGpiRw==
    dependencies:
      buffer-crc32 "0.2.1"
      bytes "0.2.0"
      cookie "0.0.5"
      cookie-signature "1.0.1"
      debug "*"
      formidable "1.0.14"
      fresh "0.1.0"
      pause "0.0.1"
      qs "0.6.5"
      send "0.1.1"
  
  console-browserify@0.1.x:
    version "0.1.6"
    resolved "https://registry.npmjs.org/console-browserify/-/console-browserify-0.1.6.tgz"
    integrity sha512-FJahZyF+dLKrC7h4DOq5JsHA+f0cLJD3TR1+0CK3n6phtdrVAPsZZKq+PZRmo2RYSOHvvs8kNhU4uRiSZUbSbA==
  
  continuable-cache@^0.3.1:
    version "0.3.1"
    resolved "https://registry.npmjs.org/continuable-cache/-/continuable-cache-0.3.1.tgz"
    integrity sha512-TF30kpKhTH8AGCG3dut0rdd/19B7Z+qCnrMoBLpyQu/2drZdNrrpcjPEoJeSVsQM+8KmWG5O56oPDjSSUsuTyA==
  
  cookie-signature@1.0.1:
    version "1.0.1"
    resolved "https://registry.npmjs.org/cookie-signature/-/cookie-signature-1.0.1.tgz"
    integrity sha512-FMG5ziBzXZ5d4j5obbWOH1X7AtIpsU9ce9mQ+lHo/I1++kzz/isNarOj6T1lBPRspP3mZpuIutc7OVDVcaN1Kg==
  
  cookie@0.0.5:
    version "0.0.5"
    resolved "https://registry.npmjs.org/cookie/-/cookie-0.0.5.tgz"
    integrity sha512-STLsAHdtBDF5GJiPHc4sdfX5qzri6bcSxdSlW/o4IYJAA5yZxh3ZZsvctsKRNbhpP328sN+A2EjOF9vcW/LhdQ==
  
  core-util-is@~1.0.0, core-util-is@1.0.2:
    version "1.0.2"
    resolved "https://registry.npmjs.org/core-util-is/-/core-util-is-1.0.2.tgz"
    integrity sha512-3lqz5YjWTYnW6dlDa5TLaTCcShfar1e40rmcJVwCBJC6mWlFuj0eCHIElmG1g5kyuJ/GD+8Wn4FFCcz4gJPfaQ==
  
  "crc32@>= 0.2.2":
    version "0.2.2"
    resolved "https://registry.npmjs.org/crc32/-/crc32-0.2.2.tgz"
    integrity sha512-PFZEGbDUeoNbL2GHIEpJRQGheXReDody/9axKTxhXtQqIL443wnNigtVZO9iuCIMPApKZRv7k2xr8euXHqNxQQ==
  
  cryptiles@0.2.x:
    version "0.2.2"
    resolved "https://registry.npmjs.org/cryptiles/-/cryptiles-0.2.2.tgz"
    integrity sha512-gvWSbgqP+569DdslUiCelxIv3IYK5Lgmq1UrRnk+s1WxQOQ16j3GPDcjdtgL5Au65DU/xQi6q3xPtf5Kta+3IQ==
    dependencies:
      boom "0.4.x"
  
  cryptiles@2.x.x:
    version "2.0.5"
    resolved "https://registry.npmjs.org/cryptiles/-/cryptiles-2.0.5.tgz"
    integrity sha512-FFN5KwpvvQTTS5hWPxrU8/QE4kQUc6uwZcrnlMBN82t1MgAtq8mnoDwINBly9Tdr02seeIIhtdF+UH1feBYGog==
    dependencies:
      boom "2.x.x"
  
  csso@~2.3.1:
    version "2.3.2"
    resolved "https://registry.npmjs.org/csso/-/csso-2.3.2.tgz"
    integrity sha512-FmCI/hmqDeHHLaIQckMhMZneS84yzUZdrWDAvJVVxOwcKE1P1LF9FGmzr1ktIQSxOw6fl3PaQsmfg+GN+VvR3w==
    dependencies:
      clap "^1.0.9"
      source-map "^0.5.3"
  
  CSSselect@~0.4.0:
    version "0.4.1"
    resolved "https://registry.npmjs.org/CSSselect/-/CSSselect-0.4.1.tgz"
    integrity sha512-r4HWARRbQ6enGbdPCrl3bNybORIcU0AcBLTyaxcWNTRd6EH2/w9RInHkUbUhwehrBFN1KQz+yFulhyIH31ZXAw==
    dependencies:
      CSSwhat "0.4"
      domutils "1.4"
  
  CSSwhat@0.4:
    version "0.4.7"
    resolved "https://registry.npmjs.org/CSSwhat/-/CSSwhat-0.4.7.tgz"
    integrity sha512-bU5cYG02crjQGDN6wm8USThp/sr/MUulMTrVA1CENSBhv3B+mlJfYDP1em/wJlMT0aYcWso0cuT9NXW74yPfog==
  
  ctype@0.5.3:
    version "0.5.3"
    resolved "https://registry.npmjs.org/ctype/-/ctype-0.5.3.tgz"
    integrity sha512-T6CEkoSV4q50zW3TlTHMbzy1E5+zlnNcY+yb7tWVYlTwPhx9LpnfAkd4wecpWknDyptp4k97LUZeInlf6jdzBg==
  
  dargs@~0.1.0:
    version "0.1.0"
    resolved "https://registry.npmjs.org/dargs/-/dargs-0.1.0.tgz"
    integrity sha512-vXbr4wzQJfmhlEZQ8iYVc1X3F10RSC1SaNAezBHXtexEdWqZJog8GcF2Eh6D7oFmveIS1d/CrBfDQ66g0JoRLQ==
  
  dashdash@^1.12.0:
    version "1.14.1"
    resolved "https://registry.npmjs.org/dashdash/-/dashdash-1.14.1.tgz"
    integrity sha512-jRFi8UDGo6j+odZiEpjazZaWqEal3w/basFjQHQEwVtZJGDpxbH1MeYluwCS8Xq5wmLJooDlMgvVarmWfGM44g==
    dependencies:
      assert-plus "^1.0.0"
  
  dateformat@1.0.2-1.2.3:
    version "1.0.2-1.2.3"
    resolved "https://registry.npmjs.org/dateformat/-/dateformat-1.0.2-1.2.3.tgz"
    integrity sha512-AXvW8g7tO4ilk5HgOWeDmPi/ZPaCnMJ+9Cg1I3p19w6mcvAAXBuuGEXAxybC+Djj1PSZUiHUcyoYu7WneCX8gQ==
  
  debug@*, debug@^3.1.0:
    version "3.2.7"
    resolved "https://registry.npmjs.org/debug/-/debug-3.2.7.tgz"
    integrity sha512-CFjzYYAi4ThfiQvizrFQevTTXHtnCqWfe7x1AhgEscTz6ZbLbfoLRLPugTQyBth6f8ZERVUSyWHFD/7Wu4t1XQ==
    dependencies:
      ms "^2.1.1"
  
  debug@0.7.4:
    version "0.7.4"
    resolved "https://registry.npmjs.org/debug/-/debug-0.7.4.tgz"
    integrity sha512-EohAb3+DSHSGx8carOSKJe8G0ayV5/i609OD0J2orCkuyae7SyZSz2aoLmQF2s0Pj5gITDebwPH7GFBlqOUQ1Q==
  
  debug@2.0.0:
    version "2.0.0"
    resolved "https://registry.npmjs.org/debug/-/debug-2.0.0.tgz"
    integrity sha512-jRxFR0Fb657ikmm6IjHY32v/Nqp9Ndcx4LBISXPfpguNaHh5JJnb+x37qalKPTu4fxMFnVBIyEGi72mmvl0BCw==
    dependencies:
      ms "0.6.2"
  
  decamelize@^1.0.0:
    version "1.2.0"
    resolved "https://registry.npmjs.org/decamelize/-/decamelize-1.2.0.tgz"
    integrity sha512-z2S+W9X73hAUUki+N+9Za2lBlun89zigOyGrsax+KUQ6wKW4ZoWpEYBkGhQjwAjjDCkWxhY0VKEhk8wzY7F5cA==
  
  define-data-property@^1.1.4:
    version "1.1.4"
    resolved "https://registry.npmjs.org/define-data-property/-/define-data-property-1.1.4.tgz"
    integrity sha512-rBMvIzlpA8v6E+SJZoo++HAYqsLrkg7MSfIinMPFhmkorw7X+dOXVJQs+QT69zGkzMyfDnIMN2Wid1+NbL3T+A==
    dependencies:
      es-define-property "^1.0.0"
      es-errors "^1.3.0"
      gopd "^1.0.1"
  
  "deflate-js@>= 0.2.2":
    version "0.2.3"
    resolved "https://registry.npmjs.org/deflate-js/-/deflate-js-0.2.3.tgz"
    integrity sha512-r5KgHJ/yTiWQs23nVeQz5dSL/kmW0MBszsssNyEqDCjjFDj4XG/c6QUN/I0JtY3ZHwwcaNBtGE8s+oV33acTfQ==
  
  delayed-stream@~1.0.0:
    version "1.0.0"
    resolved "https://registry.npmjs.org/delayed-stream/-/delayed-stream-1.0.0.tgz"
    integrity sha512-ZySD7Nf91aLB0RxL4KGrKHBXl7Eds1DAmEdcoVawXnLD7SDhpNgtuII2aAkg7a7QS41jxPSZ17p4VdGnMHk3MQ==
  
  delayed-stream@0.0.5:
    version "0.0.5"
    resolved "https://registry.npmjs.org/delayed-stream/-/delayed-stream-0.0.5.tgz"
    integrity sha512-v+7uBd1pqe5YtgPacIIbZ8HuHeLFVNe4mUEyFDXL6KiqzEykjbw+5mXZXpGFgNVasdL4jWKgaKIXrEHiynN1LA==
  
  diff@^2.0.2:
    version "2.2.3"
    resolved "https://registry.npmjs.org/diff/-/diff-2.2.3.tgz"
    integrity sha512-9wfm3RLzMp/PyTFWuw9liEzdlxsdGixCW0ZTU1XDmtlAkvpVXTPGF8KnfSs0hm3BPbg19OrUPPsRkHXoREpP1g==
  
  diff@1.0.8:
    version "1.0.8"
    resolved "https://registry.npmjs.org/diff/-/diff-1.0.8.tgz"
    integrity sha512-1zEb73vemXFpUmfh3fsta4YHz3lwebxXvaWmPbFv9apujQBWDnkrPDLXLQs1gZo4RCWMDsT89r0Pf/z8/02TGA==
  
  domelementtype@1:
    version "1.3.0"
    resolved "https://registry.npmjs.org/domelementtype/-/domelementtype-1.3.0.tgz"
    integrity sha512-hhqPxYi0xK5i9fBMHEgWFxicJy62e5nxy0NdnjGE+DqovMcUsUbIPSkBzZ2O6PwYuwNGTf7bh/DMKmMdATSsTg==
  
  domhandler@2.2:
    version "2.2.1"
    resolved "https://registry.npmjs.org/domhandler/-/domhandler-2.2.1.tgz"
    integrity sha512-MFFBQFGkyTuNe3vL9WEw9JdlCwIoBYpOGESLeZAvc/jClYNsOl6P1KzevJbWg76GovdEycfR7/2/Ra7NnqtMKw==
    dependencies:
      domelementtype "1"
  
  domutils@1.3:
    version "1.3.0"
    resolved "https://registry.npmjs.org/domutils/-/domutils-1.3.0.tgz"
    integrity sha512-1UdPmldjSGewOuWE40YYFZB1Q4im4LZoCMXGYeTeLz3R9hvxrDYJPRcPHXR4yBbubQebgGNCY2hwpJxmAiUMzQ==
    dependencies:
      domelementtype "1"
  
  domutils@1.4:
    version "1.4.3"
    resolved "https://registry.npmjs.org/domutils/-/domutils-1.4.3.tgz"
    integrity sha512-ZkVgS/PpxjyJMb+S2iVHHEZjVnOUtjGp0/zstqKGTE9lrZtNHlNQmLwP/lhLMEApYbzc08BKMx9IFpKhaSbW1w==
    dependencies:
      domelementtype "1"
  
  duplexer@^0.1.1:
    version "0.1.1"
    resolved "https://registry.npmjs.org/duplexer/-/duplexer-0.1.1.tgz"
    integrity sha512-sxNZ+ljy+RA1maXoUReeqBBpBC6RLKmg5ewzV+x+mSETmWNoKdZN6vcQjpFROemza23hGFskJtFNoUWUaQ+R4Q==
  
  ecc-jsbn@~0.1.1:
    version "0.1.1"
    resolved "https://registry.npmjs.org/ecc-jsbn/-/ecc-jsbn-0.1.1.tgz"
    integrity sha512-8Pvg9QY16SYajEL9W1Lk+9yM7XCK/MOq2wibslLZYAAEEkbAIO6mLkW+GFYbvvw8qTuDFzFMg40rS9IxkNCWPg==
    dependencies:
      jsbn "~0.1.0"
  
  electron-to-chromium@^1.2.7:
    version "1.3.18"
    resolved "https://registry.npmjs.org/electron-to-chromium/-/electron-to-chromium-1.3.18.tgz"
    integrity sha512-uMQp4vatJoNWtHbE5ZogbDQMme6JD/4qXLkSlGQQ/0UYm39zHoJhNnWR9E7ps2Ewp6FRMAODVv4KwjJIZW30Qg==
  
  entities@0.x:
    version "0.5.0"
    resolved "https://registry.npmjs.org/entities/-/entities-0.5.0.tgz"
    integrity sha512-T5XQtlzuW+PfeSsGp3uryfYQof820zYbnUnUDEkwUVIAfgYeixIN16c4jh8gs0SqJUTGLU0XD6QsvjEPbmdwzQ==
  
  errno@^0.1.1:
    version "0.1.4"
    resolved "https://registry.npmjs.org/errno/-/errno-0.1.4.tgz"
    integrity sha512-B6ww/BgkeBIfyIaOKPMW2zteXdAeXSfOTPv6kGhl3luYw4BOTopQ0EjdGFePGdajvBjLQZq12axGLtHnrp+/Pg==
    dependencies:
      prr "~0.0.0"
  
  error@^7.0.0:
    version "7.2.1"
    resolved "https://registry.npmjs.org/error/-/error-7.2.1.tgz"
    integrity sha512-fo9HBvWnx3NGUKMvMwB/CBCMMrfEJgbDTVDEkPygA3Bdd3lM1OyCd+rbQ8BwnpF6GdVeOLDNmyL4N5Bg80ZvdA==
    dependencies:
      string-template "~0.2.1"
  
  es-define-property@^1.0.0:
    version "1.0.0"
    resolved "https://registry.npmjs.org/es-define-property/-/es-define-property-1.0.0.tgz"
    integrity sha512-jxayLKShrEqqzJ0eumQbVhTYQM27CfT1T35+gCgDFoL82JLsXqTJ76zv6A0YLOgEnLUMvLzsDsGIrl8NFpT2gQ==
    dependencies:
      get-intrinsic "^1.2.4"
  
  es-errors@^1.3.0:
    version "1.3.0"
    resolved "https://registry.npmjs.org/es-errors/-/es-errors-1.3.0.tgz"
    integrity sha512-Zf5H2Kxt2xjTvbJvP2ZWLEICxA6j+hAmMzIlypy4xcBg1vKVnx89Wy0GbS+kf5cwCVFFzdCFh2XSCFNULS6csw==
  
  escape-string-regexp@^1.0.0, escape-string-regexp@^1.0.2, escape-string-regexp@^1.0.5:
    version "1.0.5"
    resolved "https://registry.npmjs.org/escape-string-regexp/-/escape-string-regexp-1.0.5.tgz"
    integrity sha512-vbRorB5FUQWvla16U8R/qgaFIya2qGzwDrNmCZuYKrbdSUMG6I1ZCGQRefkRVhuOkIGVne7BQ35DSfo1qvJqFg==
  
  escape-string-regexp@1.0.2:
    version "1.0.2"
    resolved "https://registry.npmjs.org/escape-string-regexp/-/escape-string-regexp-1.0.2.tgz"
    integrity sha512-cQpUid7bdTUnFin8S7BnNdOk+/eDqQmKgCANSyd/jAhrKEvxUvr9VQ8XZzXiOtest8NLfk3FSBZzwvemZNQ6Vg==
  
  esprima@^2.6.0:
    version "2.7.3"
    resolved "https://registry.npmjs.org/esprima/-/esprima-2.7.3.tgz"
    integrity sha512-OarPfz0lFCiW4/AV2Oy1Rp9qu0iusTKqykwTspGCZtPxmF81JR4MmIebvF1F9+UOKth2ZubLQ4XGGaU+hSn99A==
  
  "esprima@~ 1.0.2":
    version "1.0.4"
    resolved "https://registry.npmjs.org/esprima/-/esprima-1.0.4.tgz"
    integrity sha512-rp5dMKN8zEs9dfi9g0X1ClLmV//WRyk/R15mppFNICIFRG5P92VP7Z04p8pk++gABo9W2tY+kHyu6P1mEHgmTA==
  
  eventemitter2@^0.4.9, eventemitter2@~0.4.13:
    version "0.4.14"
    resolved "https://registry.npmjs.org/eventemitter2/-/eventemitter2-0.4.14.tgz"
    integrity sha512-K7J4xq5xAD5jHsGM5ReWXRTFa3JRGofHiMcVgQ8PRwgWxzjHpMWCIzsmyf60+mh8KLsqYPcjUMa0AC4hd6lPyQ==
  
  exit@~0.1.1:
    version "0.1.2"
    resolved "https://registry.npmjs.org/exit/-/exit-0.1.2.tgz"
    integrity sha512-Zk/eNKV2zbjpKzrsQ+n1G6poVbErQxJ0LBOJXaKZ1EViLzH+hrLu9cdXI4zw9dBQJslwBEpbQ2P1oS7nDxs6jQ==
  
  extend@~3.0.0:
    version "3.0.1"
    resolved "https://registry.npmjs.org/extend/-/extend-3.0.1.tgz"
    integrity sha512-u1aUSYGdAQxyguoP919qsgj24krDCtaO/DJFNPwFmojMmKp14gtCTVsc8lQSqRDFrwAch+mxMWC8/6ZJPz5Hpw==
  
  extract-zip@~1.5.0:
    version "1.5.0"
    resolved "https://registry.npmjs.org/extract-zip/-/extract-zip-1.5.0.tgz"
    integrity sha512-Ht7oUiEXWnX5BvLzMX/UBNIjrAs53lhXtNxMNeUe8Nv0S8rfy5UGqsKOXpP8ZQMWLvheOvRqYYShBoj6fTO9bg==
    dependencies:
      concat-stream "1.5.0"
      debug "0.7.4"
      mkdirp "0.5.0"
      yauzl "2.4.1"
  
  extsprintf@^1.2.0, extsprintf@1.3.0:
    version "1.3.0"
    resolved "https://registry.npmjs.org/extsprintf/-/extsprintf-1.3.0.tgz"
    integrity sha512-11Ndz7Nv+mvAC1j0ktTa7fAb0vLyGGX+rMHNBYQviQDGU0Hw7lhctJANqbPhu9nV9/izT/IntTgZ7Im/9LJs9g==
  
  faye-websocket@~0.10.0:
    version "0.10.0"
    resolved "https://registry.npmjs.org/faye-websocket/-/faye-websocket-0.10.0.tgz"
    integrity sha512-Xhj93RXbMSq8urNCUq4p9l0P6hnySJ/7YNRhYNug0bLOuii7pKO7xQFb5mx9xZXWCar88pLPb805PvUkwrLZpQ==
    dependencies:
      websocket-driver ">=0.5.1"
  
  fd-slicer@~1.0.1:
    version "1.0.1"
    resolved "https://registry.npmjs.org/fd-slicer/-/fd-slicer-1.0.1.tgz"
    integrity sha512-MX1ZLPIuKED51hrI4++K+1B0VX87Cs4EkybD2q12Ysuf5p4vkmHqMvQJRlDwROqFr4D2Pzyit5wGQxf30grIcw==
    dependencies:
      pend "~1.2.0"
  
  figures@^3.2.0:
    version "3.2.0"
    resolved "https://registry.npmjs.org/figures/-/figures-3.2.0.tgz"
    integrity sha512-yaduQFRKLXYOGgEn6AZau90j3ggSOyiqXU0F9JZfeXYhNa+Jk4X+s45A2zg5jns87GAFa34BBm2kXw4XpNcbdg==
    dependencies:
      escape-string-regexp "^1.0.5"
  
  file-type@^4.1.0:
    version "4.4.0"
    resolved "https://registry.npmjs.org/file-type/-/file-type-4.4.0.tgz"
    integrity sha512-f2UbFQEk7LXgWpi5ntcO86OeA/cC80fuDDDaX/fZ2ZGel+AF7leRQqBBW1eJNiiQkrZlAoM6P+VYP5P6bOlDEQ==
  
  findup-sync@~0.1.2:
    version "0.1.3"
    resolved "https://registry.npmjs.org/findup-sync/-/findup-sync-0.1.3.tgz"
    integrity sha512-yjftfYnF4ThYEvKEV/kEFR15dmtyXTAh3vQnzpJUoc7Naj5y1P0Ck7Zs1+Vroa00E3KT3IYsk756S+8WA5dNLw==
    dependencies:
      glob "~3.2.9"
      lodash "~2.4.1"
  
  forever-agent@~0.5.0:
    version "0.5.2"
    resolved "https://registry.npmjs.org/forever-agent/-/forever-agent-0.5.2.tgz"
    integrity sha512-PDG5Ef0Dob/JsZUxUltJOhm/Y9mlteAE+46y3M9RBz/Rd3QVENJ75aGRhN56yekTUboaBIkd8KVWX2NjF6+91A==
  
  forever-agent@~0.6.1:
    version "0.6.1"
    resolved "https://registry.npmjs.org/forever-agent/-/forever-agent-0.6.1.tgz"
    integrity sha512-j0KLYPhm6zeac4lz3oJ3o65qvgQCcPubiyotZrXqEaG4hNagNYO8qdlUrX5vwqv9ohqeT/Z3j6+yW067yWWdUw==
  
  form-data@~0.2.0:
    version "0.2.0"
    resolved "https://registry.npmjs.org/form-data/-/form-data-0.2.0.tgz"
    integrity sha512-LkinaG6JazVhYj2AKi67NOIAhqXcBOQACraT0WdhWW4ZO3kTiS0X7C1nJ1jFZf6wak4bVHIA/oOzWkh2ThAipg==
    dependencies:
      async "~0.9.0"
      combined-stream "~0.0.4"
      mime-types "~2.0.3"
  
  form-data@~1.0.0-rc3:
    version "1.0.1"
    resolved "https://registry.npmjs.org/form-data/-/form-data-1.0.1.tgz"
    integrity sha512-M4Yhq2mLogpCtpUmfopFlTTuIe6mSCTgKvnlMhDj3NcgVhA1uS20jT0n+xunKPzpmL5w2erSVtp+SKiJf1TlWg==
    dependencies:
      async "^2.0.1"
      combined-stream "^1.0.5"
      mime-types "^2.1.11"
  
  form-data@~2.1.1:
    version "2.1.4"
    resolved "https://registry.npmjs.org/form-data/-/form-data-2.1.4.tgz"
    integrity sha512-8HWGSLAPr+AG0hBpsqi5Ob8HrLStN/LWeqhpFl14d7FJgHK48TmgLoALPz69XSUR65YJzDfLUX/BM8+MLJLghQ==
    dependencies:
      asynckit "^0.4.0"
      combined-stream "^1.0.5"
      mime-types "^2.1.12"
  
  formidable@1.0.14:
    version "1.0.14"
    resolved "https://registry.npmjs.org/formidable/-/formidable-1.0.14.tgz"
    integrity sha512-aOskFHEfYwkSKSzGui5jhQ+uyLo2NTwpzhndggz2YZHlv0HkAi+zG5ZEBCL3GTvqLyr/FzX9Mvx9DueCmu2HzQ==
  
  fresh@0.1.0:
    version "0.1.0"
    resolved "https://registry.npmjs.org/fresh/-/fresh-0.1.0.tgz"
    integrity sha512-ROG9M8tikYOuOJsvRBggh10WiQ/JebnldAwuCaQyFoiAUIE9XrYVnpznIjOQGZfCMzxzEBYHQr/LHJp3tcndzQ==
  
  fs-extra@~0.26.4:
    version "0.26.7"
    resolved "https://registry.npmjs.org/fs-extra/-/fs-extra-0.26.7.tgz"
    integrity sha512-waKu+1KumRhYv8D8gMRCKJGAMI9pRnPuEb1mvgYD0f7wBscg+h6bW4FDTmEZhB9VKxvoTtxW+Y7bnIlB7zja6Q==
    dependencies:
      graceful-fs "^4.1.2"
      jsonfile "^2.1.0"
      klaw "^1.0.0"
      path-is-absolute "^1.0.0"
      rimraf "^2.2.8"
  
  fs.realpath@^1.0.0:
    version "1.0.0"
    resolved "https://registry.npmjs.org/fs.realpath/-/fs.realpath-1.0.0.tgz"
    integrity sha512-OO0pH2lK6a0hZnAdau5ItzHPI6pUlvI7jMVnxUQRtw4owF2wk8lOSabtGDCTP4Ggrg2MbGnWO9X8K1t4+fGMDw==
  
  function-bind@^1.1.2:
    version "1.1.2"
    resolved "https://registry.npmjs.org/function-bind/-/function-bind-1.1.2.tgz"
    integrity sha512-7XHNxH7qX9xG5mIwxkhumTox/MIRNcOgDrxWsMt2pAr23WHp6MrRlN7FBSFpCpr+oVO0F744iUgR82nJMfG2SA==
  
  gaze@^1.1.0:
    version "1.1.2"
    resolved "https://registry.npmjs.org/gaze/-/gaze-1.1.2.tgz"
    integrity sha512-38Jtqi8EsWt2l0x6iiL1NWN3/llOwWEv0NC3HGb/gPHLJkLq0N2c/TtuLrSfRXHwV6VkYmxAJj9YBdF33Et5hg==
    dependencies:
      globule "^1.0.0"
  
  generate-function@^2.0.0:
    version "2.0.0"
    resolved "https://registry.npmjs.org/generate-function/-/generate-function-2.0.0.tgz"
    integrity sha512-X46lB9wLCsgkyagCmX2Dev5od5j6niCr3UeMbXVDBVO4tlpXp3o4OFh+0gPTlkD3ZMixU8PCKxf0IMGQvPo8HQ==
  
  generate-object-property@^1.1.0:
    version "1.2.0"
    resolved "https://registry.npmjs.org/generate-object-property/-/generate-object-property-1.2.0.tgz"
    integrity sha512-TuOwZWgJ2VAMEGJvAyPWvpqxSANF0LDpmyHauMjFYzaACvn+QTT/AZomvPCzVBV7yDN3OmwHQ5OvHaeLKre3JQ==
    dependencies:
      is-property "^1.0.0"
  
  get-intrinsic@^1.1.3, get-intrinsic@^1.2.4:
    version "1.2.4"
    resolved "https://registry.npmjs.org/get-intrinsic/-/get-intrinsic-1.2.4.tgz"
    integrity sha512-5uYhsJH8VJBTv7oslg4BznJYhDoRI6waYCxMmCdnTrcCrHA/fCFKoTFz2JKKE0HdDFUF7/oQuhzumXJK7paBRQ==
    dependencies:
      es-errors "^1.3.0"
      function-bind "^1.1.2"
      has-proto "^1.0.1"
      has-symbols "^1.0.3"
      hasown "^2.0.0"
  
  getobject@~0.1.0:
    version "0.1.0"
    resolved "https://registry.npmjs.org/getobject/-/getobject-0.1.0.tgz"
    integrity sha512-hIGEBfnHcZpWkXPsAVeVmpYDvfy/matVl03yOY91FPmnpCC12Lm5izNxCjO3lHAeO6uaTwMxu7g450Siknlhig==
  
  getpass@^0.1.1:
    version "0.1.7"
    resolved "https://registry.npmjs.org/getpass/-/getpass-0.1.7.tgz"
    integrity sha512-0fzj9JxOLfJ+XGLhR8ze3unN0KZCgZwiSSDz168VERjK8Wl8kVSdcu2kspd4s4wtAa1y/qrVRiAA0WclVsu0ng==
    dependencies:
      assert-plus "^1.0.0"
  
  glob@^7.0.3:
    version "7.1.2"
    resolved "https://registry.npmjs.org/glob/-/glob-7.1.2.tgz"
    integrity sha512-MJTUg1kjuLeQCJ+ccE4Vpa6kKVXkPYJ2mOCQyUuKLcLQsdrMCpBPUi8qVE6+YuaJkozeA9NusTAw3hLr8Xe5EQ==
    dependencies:
      fs.realpath "^1.0.0"
      inflight "^1.0.4"
      inherits "2"
      minimatch "^3.0.4"
      once "^1.3.0"
      path-is-absolute "^1.0.0"
  
  "glob@>= 3.1.4", glob@~3.1.21:
    version "3.1.21"
    resolved "https://registry.npmjs.org/glob/-/glob-3.1.21.tgz"
    integrity sha512-ANhy2V2+tFpRajE3wN4DhkNQ08KDr0Ir1qL12/cUe5+a7STEK8jkW4onUYuY8/06qAFuT5je7mjAqzx0eKI2tQ==
    dependencies:
      graceful-fs "~1.2.0"
      inherits "1"
      minimatch "~0.2.11"
  
  glob@~3.2.9:
    version "3.2.11"
    resolved "https://registry.npmjs.org/glob/-/glob-3.2.11.tgz"
    integrity sha512-hVb0zwEZwC1FXSKRPFTeOtN7AArJcJlI6ULGLtrstaswKNlrTJqAA+1lYlSUop4vjA423xlBzqfVS3iWGlqJ+g==
    dependencies:
      inherits "2"
      minimatch "0.3"
  
  glob@~7.1.1:
    version "7.1.2"
    resolved "https://registry.npmjs.org/glob/-/glob-7.1.2.tgz"
    integrity sha512-MJTUg1kjuLeQCJ+ccE4Vpa6kKVXkPYJ2mOCQyUuKLcLQsdrMCpBPUi8qVE6+YuaJkozeA9NusTAw3hLr8Xe5EQ==
    dependencies:
      fs.realpath "^1.0.0"
      inflight "^1.0.4"
      inherits "2"
      minimatch "^3.0.4"
      once "^1.3.0"
      path-is-absolute "^1.0.0"
  
  glob@3.2.3:
    version "3.2.3"
    resolved "https://registry.npmjs.org/glob/-/glob-3.2.3.tgz"
    integrity sha512-WPaLsMHD1lYEqAmIQI6VOJSPwuBdGShDWnj1yUo0vQqEO809R8W3LM9OVU13CnnDhyv/EiNwOtxEW74SmrzS6w==
    dependencies:
      graceful-fs "~2.0.0"
      inherits "2"
      minimatch "~0.2.11"
  
  globby@^6.1.0:
    version "6.1.0"
    resolved "https://registry.npmjs.org/globby/-/globby-6.1.0.tgz"
    integrity sha512-KVbFv2TQtbzCoxAnfD6JcHZTYCzyliEaaeM/gH8qQdkKr5s0OP9scEgvdcngyk7AVdY6YVW/TJHd+lQ/Df3Daw==
    dependencies:
      array-union "^1.0.1"
      glob "^7.0.3"
      object-assign "^4.0.1"
      pify "^2.0.0"
      pinkie-promise "^2.0.0"
  
  globule@^1.0.0:
    version "1.2.0"
    resolved "https://registry.npmjs.org/globule/-/globule-1.2.0.tgz"
    integrity sha512-vKZYpzBvzTaSLsgvRUL2D4fvs3jglHo8ubovdD0y11rHme/7R+BcG3oXKFSZ+kntsO68sIaZvhARCJ50RUoy2g==
    dependencies:
      glob "~7.1.1"
      lodash "~4.17.4"
      minimatch "~3.0.2"
  
  gopd@^1.0.1:
    version "1.0.1"
    resolved "https://registry.npmjs.org/gopd/-/gopd-1.0.1.tgz"
    integrity sha512-d65bNlIadxvpb/A2abVdlqKqV563juRnZ1Wtk6s1sIR8uNsXR70xqIzVqxVf1eTqDunwT2MkczEeaezCKTZhwA==
    dependencies:
      get-intrinsic "^1.1.3"
  
  graceful-fs@^4.1.2:
    version "4.1.11"
    resolved "https://registry.npmjs.org/graceful-fs/-/graceful-fs-4.1.11.tgz"
    integrity sha512-9x6DLUuW+ROFdMTII9ec9t/FK8va6kYcC8/LggumssLM8kNv7IdFl3VrNUqgir2tJuBVxBga1QBoRziZacO5Zg==
  
  graceful-fs@^4.1.6:
    version "4.1.11"
    resolved "https://registry.npmjs.org/graceful-fs/-/graceful-fs-4.1.11.tgz"
    integrity sha512-9x6DLUuW+ROFdMTII9ec9t/FK8va6kYcC8/LggumssLM8kNv7IdFl3VrNUqgir2tJuBVxBga1QBoRziZacO5Zg==
  
  graceful-fs@^4.1.9:
    version "4.1.11"
    resolved "https://registry.npmjs.org/graceful-fs/-/graceful-fs-4.1.11.tgz"
    integrity sha512-9x6DLUuW+ROFdMTII9ec9t/FK8va6kYcC8/LggumssLM8kNv7IdFl3VrNUqgir2tJuBVxBga1QBoRziZacO5Zg==
  
  graceful-fs@~1.2.0:
    version "1.2.3"
    resolved "https://registry.npmjs.org/graceful-fs/-/graceful-fs-1.2.3.tgz"
    integrity sha512-iiTUZ5vZ+2ZV+h71XAgwCSu6+NAizhFU3Yw8aC/hH5SQ3SnISqEqAek40imAFGtDcwJKNhXvSY+hzIolnLwcdQ==
  
  graceful-fs@~2.0.0:
    version "2.0.3"
    resolved "https://registry.npmjs.org/graceful-fs/-/graceful-fs-2.0.3.tgz"
    integrity sha512-hcj/NTUWv+C3MbqrVb9F+aH6lvTwEHJdx2foBxlrVq5h6zE8Bfu4pv4CAAqbDcZrw/9Ak5lsRXlY9Ao8/F0Tuw==
  
  growl@1.8.1:
    version "1.8.1"
    resolved "https://registry.npmjs.org/growl/-/growl-1.8.1.tgz"
    integrity sha512-Hq61svqhXHBTY80KsuLrItJ9A0YP1PSeiS4hhi77NcPQf+F+yagOSkhuhZdND7NfAcpHm495FKUTmRcygzF0OA==
  
  grunt-bower-requirejs@~0.7.0:
    version "0.7.1"
    resolved "https://registry.npmjs.org/grunt-bower-requirejs/-/grunt-bower-requirejs-0.7.1.tgz"
    integrity sha512-Ne9BkbtdAprtpgWN8gX7++K+m4uoYj+L9oQfJDoSElHtzZbgj9ldGtVDX5WmDmC9fvr3e267ijul4AWmDnEUJg==
    dependencies:
      requirejs "~2.1.5"
      slash "~0.1.0"
  
  grunt-contrib-clean@~0.5.0:
    version "0.5.0"
    resolved "https://registry.npmjs.org/grunt-contrib-clean/-/grunt-contrib-clean-0.5.0.tgz"
    integrity sha512-82I+O38BHP4rqxceareiDKnLnrSyGnyn6N9E6sUpBgCtxXgxMbJEBooSC7KtXhLO7im1QhoPp9FdSvTZ+k1bIw==
    dependencies:
      rimraf "~2.2.1"
  
  grunt-contrib-coffee@^0.13.0:
    version "0.13.0"
    resolved "https://registry.npmjs.org/grunt-contrib-coffee/-/grunt-contrib-coffee-0.13.0.tgz"
    integrity sha512-3+EKS3ybMPlQsEBPBOoS+pfUthjDG72T2X+hViSUbMKSP0vkyUy1HFY751kFoLMidhazSA3YrzJrohATeyFKnQ==
    dependencies:
      chalk "^0.5.1"
      coffee-script "~1.9.1"
      lodash "^3.1.0"
      uri-path "0.0.2"
  
  grunt-contrib-compass@~0.5.0:
    version "0.5.0"
    resolved "https://registry.npmjs.org/grunt-contrib-compass/-/grunt-contrib-compass-0.5.0.tgz"
    integrity sha512-sJFVCoiQUxkrsz2mFZNE+IaIwVanaLMDfUtPonQrC3j7zIZzyDOTfKU3/UFPTKVx5vo3DD26LX1ogWUkoslm/g==
    dependencies:
      async "~0.2.0"
      dargs "~0.1.0"
      tmp "0.0.21"
  
  grunt-contrib-concat@~0.3.0:
    version "0.3.0"
    resolved "https://registry.npmjs.org/grunt-contrib-concat/-/grunt-contrib-concat-0.3.0.tgz"
    integrity sha512-w5N63mMgEYAEhd9PgY8uQ0pY02SucTSwq8XRTtHyEt7MSMQLlp7lF0g5oaXSav9xCWY9GPM0RqlJTT2gS+8n3Q==
  
  grunt-contrib-connect@~0.3.0:
    version "0.3.0"
    resolved "https://registry.npmjs.org/grunt-contrib-connect/-/grunt-contrib-connect-0.3.0.tgz"
    integrity sha512-Aw85GKw0NFbd3IwCypVG3O2AoIsCKdRqVhcXqwPvli1HyrFSa805z/iDh/5r85qroMFFh8Th6eFpFiBA2SRYfA==
    dependencies:
      connect "~2.7.3"
  
  grunt-contrib-copy@~0.4.0:
    version "0.4.1"
    resolved "https://registry.npmjs.org/grunt-contrib-copy/-/grunt-contrib-copy-0.4.1.tgz"
    integrity sha512-My7R1hjkV6k/6WFkwHguB//y1kcV65X9U37XnAJWwmfGAsoAVlXFRNYN0W62W2D0TbLXLX24fiH4q1/5Bugf+A==
  
  "grunt-contrib-cssmin@git://github.com/gruntjs/grunt-contrib-cssmin.git":
    version "5.0.0"
    resolved "git+ssh://git@github.com/gruntjs/grunt-contrib-cssmin.git"
    integrity sha512-f330jNIpcSoRsnW3pVFsDYzBaDNMYMy5pcTihW45ofOX3FV5F2GTPhyBTud3mXEYd5SFWow92gLaOCRgRkSYZw==
    dependencies:
      chalk "^4.1.2"
      clean-css "^5.3.2"
      maxmin "^3.0.0"
  
  grunt-contrib-htmlmin@~0.1.3:
    version "0.1.3"
    resolved "https://registry.npmjs.org/grunt-contrib-htmlmin/-/grunt-contrib-htmlmin-0.1.3.tgz"
    integrity sha512-jS2JWQUzQs4xTGZ5CPcZ7YmOqog+WEo1bZD0y4p4tTPVzj77Zo4Vgf1rjsYK84xB+5bEvp1SrIcZpLjAnQhO4Q==
    dependencies:
      grunt-lib-contrib "~0.6.1"
      html-minifier "~0.5.0"
  
  grunt-contrib-imagemin@~2.0.1:
    version "2.0.1"
    resolved "https://registry.npmjs.org/grunt-contrib-imagemin/-/grunt-contrib-imagemin-2.0.1.tgz"
    integrity sha512-91zBrvh350QSpsxyCTXni0djMXavF3elBmvFgnbp/2CgIx53QYe+Cvf2+wZmrcb8U0qp+MjHl0Ahjct4+R6PLQ==
    dependencies:
      chalk "^1.0.0"
      imagemin "^5.3.1"
      p-map "^1.1.1"
      plur "^2.1.2"
      pretty-bytes "^4.0.2"
    optionalDependencies:
      imagemin-gifsicle "^5.0.0"
      imagemin-jpegtran "^5.0.0"
      imagemin-optipng "^5.1.0"
      imagemin-svgo "^5.1.0"
  
  grunt-contrib-jshint@~0.6.3:
    version "0.6.5"
    resolved "https://registry.npmjs.org/grunt-contrib-jshint/-/grunt-contrib-jshint-0.6.5.tgz"
    integrity sha512-Hq9ExFaE41jCoAXqwdIi2b/QGI3K/1z+52aIP0m1zTaXv6DgodDhnR7ijqGTI3mm9UdJi/qfb08/UmEOEKsuLw==
    dependencies:
      jshint "~2.1.10"
  
  grunt-contrib-jst@~0.5.0:
    version "0.5.1"
    resolved "https://registry.npmjs.org/grunt-contrib-jst/-/grunt-contrib-jst-0.5.1.tgz"
    integrity sha512-FlP2e9ZyXuuOWhbtubWt7rZ2okdCHU5hzT/s1346N0M912lpML04M6mPIjpHvuTPI+356D2cgaBWjUn3SCIbIQ==
    dependencies:
      grunt-lib-contrib "~0.5.1"
      lodash "~1.0.0"
  
  grunt-contrib-less@^1.1.0:
    version "1.4.1"
    resolved "https://registry.npmjs.org/grunt-contrib-less/-/grunt-contrib-less-1.4.1.tgz"
    integrity sha512-NI8pp1KL3c43iR6OLWRyla6I5FLSpvbT5R6UzGHvdRDT0cM0WVfDiIAqqnjDL9z7pPr3ZyOrum5Jn1CIATmHxQ==
    dependencies:
      async "^2.0.0"
      chalk "^1.0.0"
      less "~2.7.1"
      lodash "^4.8.2"
  
  grunt-contrib-uglify@~0.2.0:
    version "0.2.7"
    resolved "https://registry.npmjs.org/grunt-contrib-uglify/-/grunt-contrib-uglify-0.2.7.tgz"
    integrity sha512-KXKM2UNLsCiUI6/DYfAIPm3i26UJJN6Cf6KD8fFa2TKllj7yLPC853IxtWBJ/3jX66QtXHGtdCORuuA6sAFvvA==
    dependencies:
      grunt-lib-contrib "~0.6.1"
      uglify-js "~2.4.0"
  
  "grunt-contrib-watch@git://github.com/gruntjs/grunt-contrib-watch":
    version "1.1.0"
    resolved "git+ssh://git@github.com/gruntjs/grunt-contrib-watch.git"
    integrity sha512-+153yedp6ViTIkpvHgRlYdjk0bczHN7P45WRc4fC61qi6ES0V+PiRS9R/zYGWKx0N9M+4o5q0CU11sevMnM0KA==
    dependencies:
      async "^2.6.0"
      gaze "^1.1.0"
      lodash "^4.17.10"
      tiny-lr "^1.1.1"
  
  grunt-image-embed@~0.3.1:
    version "0.3.3"
    resolved "https://registry.npmjs.org/grunt-image-embed/-/grunt-image-embed-0.3.3.tgz"
    integrity sha512-Bg79CaSQOaR1a5sD7yQ9bQTxXdR0F9r6l9ZIivDUmNTPCYMvbXyGGMypatlHouLqfs7ikZuDv1sZzvaDCzUx8w==
    dependencies:
      buffers "~0.1.1"
      mime "1.2.x"
      request "~2.51.0"
  
  grunt-legacy-log-utils@~0.1.1:
    version "0.1.1"
    resolved "https://registry.npmjs.org/grunt-legacy-log-utils/-/grunt-legacy-log-utils-0.1.1.tgz"
    integrity sha512-D0vbUX00TFYCKNZtcZzemMpwT8TR/FdRs1pmfiBw6qnUw80PfsjV+lhIozY/3eJ3PSG2zj89wd2mH/7f4tNAlw==
    dependencies:
      colors "~0.6.2"
      lodash "~2.4.1"
      underscore.string "~2.3.3"
  
  grunt-legacy-log@~0.1.0:
    version "0.1.3"
    resolved "https://registry.npmjs.org/grunt-legacy-log/-/grunt-legacy-log-0.1.3.tgz"
    integrity sha512-qYs/uM0ImdzwIXLhS4O5WLV5soAM+PEqqHI/hzSxlo450ERSccEhnXqoeDA9ZozOdaWuYnzTOTwRcVRogleMxg==
    dependencies:
      colors "~0.6.2"
      grunt-legacy-log-utils "~0.1.1"
      hooker "~0.2.3"
      lodash "~2.4.1"
      underscore.string "~2.3.3"
  
  grunt-legacy-util@~0.2.0:
    version "0.2.0"
    resolved "https://registry.npmjs.org/grunt-legacy-util/-/grunt-legacy-util-0.2.0.tgz"
    integrity sha512-cXPbfF8aM+pvveQeN1K872D5fRm30xfJWZiS63Y8W8oyIPLClCsmI8bW96Txqzac9cyL4lRqEBhbhJ3n5EzUUQ==
    dependencies:
      async "~0.1.22"
      exit "~0.1.1"
      getobject "~0.1.0"
      hooker "~0.2.3"
      lodash "~0.9.2"
      underscore.string "~2.2.1"
      which "~1.0.5"
  
  grunt-lib-contrib@~0.5.1:
    version "0.5.3"
    resolved "https://registry.npmjs.org/grunt-lib-contrib/-/grunt-lib-contrib-0.5.3.tgz"
    integrity sha512-Xoj6HUU+W5gIUecVfe0VUi42a6lgVzYJ4DqV4FoNtod9tXKWEkevKBNL2gAARwqRd/zkahIMMVCB3BtgAJjHqg==
    dependencies:
      zlib-browserify "0.0.1"
  
  grunt-lib-contrib@~0.6.1:
    version "0.6.1"
    resolved "https://registry.npmjs.org/grunt-lib-contrib/-/grunt-lib-contrib-0.6.1.tgz"
    integrity sha512-HdCtJuMmmkSAVrAfsG7lZWE0YabrsPWwzcCCUgWQOAaQsQSUNhw/IwD2YjCSLh5y9NXSPzHTYFLL4ro7QbAJMA==
    dependencies:
      zlib-browserify "0.0.1"
  
  grunt-lib-phantomjs@^0.7.1:
    version "0.7.1"
    resolved "https://registry.npmjs.org/grunt-lib-phantomjs/-/grunt-lib-phantomjs-0.7.1.tgz"
    integrity sha512-CcHfnTIodvkW/Kd3bo8fXI/IHcL2ce61SIQT/4RX04ejma/vt8Hx3AKzWFU9rMUufLXHiHp9a5hr4bF36477Yg==
    dependencies:
      eventemitter2 "^0.4.9"
      phantomjs "^1.9.15"
      semver "^4.3.0"
      temporary "^0.0.8"
  
  grunt-mocha@~0.4.1:
    version "0.4.15"
    resolved "https://registry.npmjs.org/grunt-mocha/-/grunt-mocha-0.4.15.tgz"
    integrity sha512-KTqjJa17FhmYTOe5VZE8CJNwkV5URaITf54Up5d6MXmpiQFvxdUGcxg/3sWupLL9+jQPVwZeij/NRrqwA+v+2Q==
    dependencies:
      grunt-lib-phantomjs "^0.7.1"
      lodash "^3.9.0"
      mocha "^1.21.5"
  
  grunt-open@~0.2.0:
    version "0.2.3"
    resolved "https://registry.npmjs.org/grunt-open/-/grunt-open-0.2.3.tgz"
    integrity sha512-2NPq6AuFu87lrlkCftBXPsxNER7kwxhydsNwKrGd1le5lcX5c1Iak6AU0m/plViyACh3AAi3voP4CeeJInJEwA==
    dependencies:
      open "~0.0.4"
  
  grunt-postcss@^0.8.0:
    version "0.8.0"
    resolved "https://registry.npmjs.org/grunt-postcss/-/grunt-postcss-0.8.0.tgz"
    integrity sha512-Y/GlBwlSXET86uudGM6Sn5Qtjas5PT2AwjMGqKNnSaoxJSfhNY4chpAnOs72VQ4y3LqrP0y5f/i7CroyZqsuJA==
    dependencies:
      chalk "^1.0.0"
      diff "^2.0.2"
      postcss "^5.0.0"
  
  grunt-requirejs@~0.4.0:
    version "0.4.2"
    resolved "https://registry.npmjs.org/grunt-requirejs/-/grunt-requirejs-0.4.2.tgz"
    integrity sha512-wVLoGtZXGZYYX7oqDS1zw/XSMWc9zmWWNrXhraLB21r1RwORgUXh3QeHugLIwXBXSfivbNnmuuL2+Fi7juzg6g==
    dependencies:
      almond "0.2.x"
      cheerio "0.13.x"
      gzip-js "0.3.x"
      q "0.8.x"
      requirejs "2.1.x"
  
  grunt-rev@~0.1.0:
    version "0.1.0"
    resolved "https://registry.npmjs.org/grunt-rev/-/grunt-rev-0.1.0.tgz"
    integrity sha512-vtj72cmiWR8EgHwJgApVdXrSYlghBd2slrjCmFF/Dnmp+zzS5cGOhuSMa1mvZ6r2MjdefxM1XGjVpxVUuwtPSg==
  
  grunt-usemin@~0.1.10:
    version "0.1.13"
    resolved "https://registry.npmjs.org/grunt-usemin/-/grunt-usemin-0.1.13.tgz"
    integrity sha512-ZCg8gtGnJ8Byh+Uo0oVd/0cSKy771ckaMqUzViFtzI2akQnqaFzXZ2BzIhp9UDBdtuwst2Ap0gT+zCfzG6DtNQ==
  
  grunt@>=0.4.0, grunt@>=0.4.5, grunt@~0.4, grunt@~0.4.0, grunt@~0.4.1:
    version "0.4.5"
    resolved "https://registry.npmjs.org/grunt/-/grunt-0.4.5.tgz"
    integrity sha512-1iq3ylLjzXqz/KSq1OAE2qhnpcbkF2WyhsQcavZt+YmgvHu0EbPMEhGhy2gr0FP67isHpRdfwjB5WVeXXcJemQ==
    dependencies:
      async "~0.1.22"
      coffee-script "~1.3.3"
      colors "~0.6.2"
      dateformat "1.0.2-1.2.3"
      eventemitter2 "~0.4.13"
      exit "~0.1.1"
      findup-sync "~0.1.2"
      getobject "~0.1.0"
      glob "~3.1.21"
      grunt-legacy-log "~0.1.0"
      grunt-legacy-util "~0.2.0"
      hooker "~0.2.3"
      iconv-lite "~0.2.11"
      js-yaml "~2.0.5"
      lodash "~0.9.2"
      minimatch "~0.2.12"
      nopt "~1.0.10"
      rimraf "~2.2.8"
      underscore.string "~2.2.1"
      which "~1.0.5"
  
  gzip-js@0.3.x:
    version "0.3.2"
    resolved "https://registry.npmjs.org/gzip-js/-/gzip-js-0.3.2.tgz"
    integrity sha512-BFTiwtEN12koJsnhVo77SzW+u6VANzhaK0HEtdwFwgFzFOq1WQJ8eSPEyGAueUfs1C/WqdgtuYnUwCRuRm1A5Q==
    dependencies:
      crc32 ">= 0.2.2"
      deflate-js ">= 0.2.2"
  
  gzip-size@^5.1.1:
    version "5.1.1"
    resolved "https://registry.npmjs.org/gzip-size/-/gzip-size-5.1.1.tgz"
    integrity sha512-FNHi6mmoHvs1mxZAds4PpdCS6QG8B4C1krxJsMutgxl5t3+GlRTzzI3NEkifXx2pVsOvJdOGSmIgDhQ55FwdPA==
    dependencies:
      duplexer "^0.1.1"
      pify "^4.0.1"
  
  har-schema@^1.0.5:
    version "1.0.5"
    resolved "https://registry.npmjs.org/har-schema/-/har-schema-1.0.5.tgz"
    integrity sha512-f8xf2GOR6Rgwc9FPTLNzgwB+JQ2/zMauYXSWmX5YV5acex6VomT0ocSuwR7BfXo5MpHi+jL+saaux2fwsGJDKQ==
  
  har-validator@~2.0.2:
    version "2.0.6"
    resolved "https://registry.npmjs.org/har-validator/-/har-validator-2.0.6.tgz"
    integrity sha512-P6tFV+wCcUL3nbyTDAvveDySfbhy0XkDtAIfZP6HITjM2WUsiPna/Eg1Yy93SFXvahqoX+kt0n+6xlXKDXYowA==
    dependencies:
      chalk "^1.1.1"
      commander "^2.9.0"
      is-my-json-valid "^2.12.4"
      pinkie-promise "^2.0.0"
  
  har-validator@~4.2.1:
    version "4.2.1"
    resolved "https://registry.npmjs.org/har-validator/-/har-validator-4.2.1.tgz"
    integrity sha512-5Gbp6RAftMYYV3UEI4c4Vv3+a4dQ7taVyvHt+/L6kRt+f4HX1GweAk5UDWN0SvdVnRBzGQ6OG89pGaD9uSFnVw==
    dependencies:
      ajv "^4.9.1"
      har-schema "^1.0.5"
  
  has-ansi@^0.1.0:
    version "0.1.0"
    resolved "https://registry.npmjs.org/has-ansi/-/has-ansi-0.1.0.tgz"
    integrity sha512-1YsTg1fk2/6JToQhtZkArMkurq8UoWU1Qe0aR3VUHjgij4nOylSWLWAtBXoZ4/dXOmugfLGm1c+QhuD0JyedFA==
    dependencies:
      ansi-regex "^0.2.0"
  
  has-ansi@^2.0.0:
    version "2.0.0"
    resolved "https://registry.npmjs.org/has-ansi/-/has-ansi-2.0.0.tgz"
    integrity sha512-C8vBJ8DwUCx19vhm7urhTuUsr4/IyP6l4VzNQDv+ryHQObW3TTTp9yB68WpYgRe2bbaGuZ/se74IqFeVnMnLZg==
    dependencies:
      ansi-regex "^2.0.0"
  
  has-color@~0.1.0:
    version "0.1.7"
    resolved "https://registry.npmjs.org/has-color/-/has-color-0.1.7.tgz"
    integrity sha512-kaNz5OTAYYmt646Hkqw50/qyxP2vFnTVu5AQ1Zmk22Kk5+4Qx6BpO8+u7IKsML5fOsFk0ZT0AcCJNYwcvaLBvw==
  
  has-flag@^1.0.0:
    version "1.0.0"
    resolved "https://registry.npmjs.org/has-flag/-/has-flag-1.0.0.tgz"
    integrity sha512-DyYHfIYwAJmjAjSSPKANxI8bFY9YtFrgkAfinBojQ8YJTOuOuav64tMUJv584SES4xl74PmuaevIyaLESHdTAA==
  
  has-flag@^4.0.0:
    version "4.0.0"
    resolved "https://registry.npmjs.org/has-flag/-/has-flag-4.0.0.tgz"
    integrity sha512-EykJT/Q1KjTWctppgIAgfSO0tKVuZUjhgMr17kqTumMl6Afv3EISleU7qZUzoXDFTAHTDC4NOoG/ZxU3EvlMPQ==
  
  has-property-descriptors@^1.0.2:
    version "1.0.2"
    resolved "https://registry.npmjs.org/has-property-descriptors/-/has-property-descriptors-1.0.2.tgz"
    integrity sha512-55JNKuIW+vq4Ke1BjOTjM2YctQIvCT7GFzHwmfZPGo5wnrgkid0YQtnAleFSqumZm4az3n2BS+erby5ipJdgrg==
    dependencies:
      es-define-property "^1.0.0"
  
  has-proto@^1.0.1:
    version "1.0.3"
    resolved "https://registry.npmjs.org/has-proto/-/has-proto-1.0.3.tgz"
    integrity sha512-SJ1amZAJUiZS+PhsVLf5tGydlaVB8EdFpaSO4gmiUKUOxk8qzn5AIy4ZeJUmh22znIdk/uMAUT2pl3FxzVUH+Q==
  
  has-symbols@^1.0.3:
    version "1.0.3"
    resolved "https://registry.npmjs.org/has-symbols/-/has-symbols-1.0.3.tgz"
    integrity sha512-l3LCuF6MgDNwTDKkdYGEihYjt5pRPbEg46rtlmnSPlUbgmB8LOIrKJbYYFBSbnPaJexMKtiPO8hmeRjRz2Td+A==
  
  hasha@^2.2.0:
    version "2.2.0"
    resolved "https://registry.npmjs.org/hasha/-/hasha-2.2.0.tgz"
    integrity sha512-jZ38TU/EBiGKrmyTNNZgnvCZHNowiRI4+w/I9noMlekHTZH3KyGgvJLmhSgykeAQ9j2SYPDosM0Bg3wHfzibAQ==
    dependencies:
      is-stream "^1.0.1"
      pinkie-promise "^2.0.0"
  
  hasown@^2.0.0:
    version "2.0.2"
    resolved "https://registry.npmjs.org/hasown/-/hasown-2.0.2.tgz"
    integrity sha512-0hJU9SCPvmMzIBdZFqNPXWa6dqh7WdH0cII9y+CyS8rG3nL48Bclra9HmKhVVUHyPWNH5Y7xDwAB7bfgSjkUMQ==
    dependencies:
      function-bind "^1.1.2"
  
  hawk@~3.1.0:
    version "3.1.3"
    resolved "https://registry.npmjs.org/hawk/-/hawk-3.1.3.tgz"
    integrity sha512-X8xbmTc1cbPXcQV4WkLcRMALuyoxhfpFATmyuCxJPOAvrDS4DNnsTAOmKUxMTOWU6TzrTOkxPKwIx5ZOpJVSrg==
    dependencies:
      boom "2.x.x"
      cryptiles "2.x.x"
      hoek "2.x.x"
      sntp "1.x.x"
  
  hawk@~3.1.3:
    version "3.1.3"
    resolved "https://registry.npmjs.org/hawk/-/hawk-3.1.3.tgz"
    integrity sha512-X8xbmTc1cbPXcQV4WkLcRMALuyoxhfpFATmyuCxJPOAvrDS4DNnsTAOmKUxMTOWU6TzrTOkxPKwIx5ZOpJVSrg==
    dependencies:
      boom "2.x.x"
      cryptiles "2.x.x"
      hoek "2.x.x"
      sntp "1.x.x"
  
  hawk@1.1.1:
    version "1.1.1"
    resolved "https://registry.npmjs.org/hawk/-/hawk-1.1.1.tgz"
    integrity sha512-am8sVA2bCJIw8fuuVcKvmmNnGFUGW8spTkVtj2fXTEZVkfN42bwFZFtDem57eFi+NSxurJB8EQ7Jd3uCHLn8Vw==
    dependencies:
      boom "0.4.x"
      cryptiles "0.2.x"
      hoek "0.9.x"
      sntp "0.2.x"
  
  hoek@0.9.x:
    version "0.9.1"
    resolved "https://registry.npmjs.org/hoek/-/hoek-0.9.1.tgz"
    integrity sha512-ZZ6eGyzGjyMTmpSPYVECXy9uNfqBR7x5CavhUaLOeD6W0vWK1mp/b7O3f86XE0Mtfo9rZ6Bh3fnuw9Xr8MF9zA==
  
  hoek@2.x.x:
    version "2.16.3"
    resolved "https://registry.npmjs.org/hoek/-/hoek-2.16.3.tgz"
    integrity sha512-V6Yw1rIcYV/4JsnggjBU0l4Kr+EXhpwqXRusENU1Xx6ro00IHPHYNynCuBTOZAPlr3AAmLvchH9I7N/VUdvOwQ==
  
  hooker@~0.2.3:
    version "0.2.3"
    resolved "https://registry.npmjs.org/hooker/-/hooker-0.2.3.tgz"
    integrity sha512-t+UerCsQviSymAInD01Pw+Dn/usmz1sRO+3Zk1+lx8eg+WKpD2ulcwWqHHL0+aseRBr+3+vIhiG1K1JTwaIcTA==
  
  html-comment-regex@^1.1.0:
    version "1.1.1"
    resolved "https://registry.npmjs.org/html-comment-regex/-/html-comment-regex-1.1.1.tgz"
    integrity sha512-H4WKUUhflen95AAoBjyj704dL92rfLp7p/No6gqnaPmy89ZyQn5jIF01PBzWWKCTyLz5/zS5EEepiv7qtWndFw==
  
  html-minifier@~0.5.0:
    version "0.5.6"
    resolved "https://registry.npmjs.org/html-minifier/-/html-minifier-0.5.6.tgz"
    integrity sha512-EyVdmQtnBXfgJOPhLYSJZKFAeCclumRjHYSXbWMSDzWPKjJRAxBAMkxAV6GUHWm3Fd2+mX2uHZL2MOVNffwJ/w==
  
  htmlparser2@~3.4.0:
    version "3.4.0"
    resolved "https://registry.npmjs.org/htmlparser2/-/htmlparser2-3.4.0.tgz"
    integrity sha512-jqjGChZ/01Y68q+/2ov5qB+EpAtAatKWKCK0gONzq6beIZLGjiHZrSF6Ld7/w6VDUHHXFMDFJL3DUR+RFXohWw==
    dependencies:
      domelementtype "1"
      domhandler "2.2"
      domutils "1.3"
      readable-stream "1.1"
  
  http-signature@~0.10.0:
    version "0.10.1"
    resolved "https://registry.npmjs.org/http-signature/-/http-signature-0.10.1.tgz"
    integrity sha512-coK8uR5rq2IMj+Hen+sKPA5ldgbCc1/spPdKCL1Fw6h+D0s/2LzMcRK0Cqufs1h0ryx/niwBHGFu8HC3hwU+lA==
    dependencies:
      asn1 "0.1.11"
      assert-plus "^0.1.5"
      ctype "0.5.3"
  
  http-signature@~1.1.0:
    version "1.1.1"
    resolved "https://registry.npmjs.org/http-signature/-/http-signature-1.1.1.tgz"
    integrity sha512-iUn0NcRULlDGtqNLN1Jxmzayk8ogm7NToldASyZBpM2qggbphjXzNOiw3piN8tgz+e/DRs6X5gAzFwTI6BCRcg==
    dependencies:
      assert-plus "^0.2.0"
      jsprim "^1.2.2"
      sshpk "^1.7.0"
  
  iconv-lite@~0.2.11:
    version "0.2.11"
    resolved "https://registry.npmjs.org/iconv-lite/-/iconv-lite-0.2.11.tgz"
    integrity sha512-KhmFWgaQZY83Cbhi+ADInoUQ8Etn6BG5fikM9syeOjQltvR45h7cRKJ/9uvQEuD61I3Uju77yYce0/LhKVClQw==
  
  image-size@~0.5.0:
    version "0.5.5"
    resolved "https://registry.npmjs.org/image-size/-/image-size-0.5.5.tgz"
    integrity sha512-6TDAlDPZxUFCv+fuOkIoXT/V/f3Qbq8e37p+YOiYrUv3v9cc3/6x78VdfPgFVaB9dZYeLUfKgHRebpkm/oP2VQ==
  
  imagemin-svgo@^5.1.0:
    version "5.2.2"
    resolved "https://registry.npmjs.org/imagemin-svgo/-/imagemin-svgo-5.2.2.tgz"
    integrity sha512-qS51lg+UjCfV7qeBrEOn4gSIlgygUPv1A1gDS5iNNlko3MpaQO/k3FnXqM9wte0qPj00zRX3Jn+NwScCJ1hVHw==
    dependencies:
      is-svg "^2.0.0"
      svgo "^0.7.0"
  
  imagemin@^5.3.1:
    version "5.3.1"
    resolved "https://registry.npmjs.org/imagemin/-/imagemin-5.3.1.tgz"
    integrity sha512-JE4+2XKYOkISRfGapB/pq7LNYWc+0a+VBrNJgyki082PgnbVQ2qEfzNMRgNj/IrQckpzhxZsU8MYf1wGsy2/lw==
    dependencies:
      file-type "^4.1.0"
      globby "^6.1.0"
      make-dir "^1.0.0"
      p-pipe "^1.1.0"
      pify "^2.3.0"
      replace-ext "^1.0.0"
  
  inflight@^1.0.4:
    version "1.0.6"
    resolved "https://registry.npmjs.org/inflight/-/inflight-1.0.6.tgz"
    integrity sha512-k92I/b08q4wvFscXCLvqfsHCrjrF7yiXsQuIVvVE7N82W3+aqpzuUdBbfhWcy/FZR3/4IgflMgKLOsvPDrGCJA==
    dependencies:
      once "^1.3.0"
      wrappy "1"
  
  inherits@~2.0.1:
    version "2.0.3"
    resolved "https://registry.npmjs.org/inherits/-/inherits-2.0.3.tgz"
    integrity sha512-x00IRNXNy63jwGkJmzPigoySHbaqpNuzKbBOmzK+g2OdZpQ9w+sxCN+VSB3ja7IAge2OP2qpfxTjeNcyjmW1uw==
  
  inherits@1:
    version "1.0.2"
    resolved "https://registry.npmjs.org/inherits/-/inherits-1.0.2.tgz"
    integrity sha512-Al67oatbRSo3RV5hRqIoln6Y5yMVbJSIn4jEJNL7VCImzq/kLr7vvb6sFRJXqr8rpHc/2kJOM+y0sPKN47VdzA==
  
  inherits@2:
    version "2.0.3"
    resolved "https://registry.npmjs.org/inherits/-/inherits-2.0.3.tgz"
    integrity sha512-x00IRNXNy63jwGkJmzPigoySHbaqpNuzKbBOmzK+g2OdZpQ9w+sxCN+VSB3ja7IAge2OP2qpfxTjeNcyjmW1uw==
  
  irregular-plurals@^1.0.0:
    version "1.3.0"
    resolved "https://registry.npmjs.org/irregular-plurals/-/irregular-plurals-1.3.0.tgz"
    integrity sha512-njf5A+Mxb3kojuHd1DzISjjIl+XhyzovXEOyPPSzdQozq/Lf2tN27mOrAAsxEPZxpn6I4MGzs1oo9TxXxPFpaA==
  
  is-my-json-valid@^2.12.4:
    version "2.16.0"
    resolved "https://registry.npmjs.org/is-my-json-valid/-/is-my-json-valid-2.16.0.tgz"
    integrity sha512-6AFGaggK+pZhYW+jXVPxaDgMuZvq0HbinaSrA9ecxKwg1WVKpchZRs0nRkvMiv+hIOFYeyLQ75RVs6Qs+KFk8Q==
    dependencies:
      generate-function "^2.0.0"
      generate-object-property "^1.1.0"
      jsonpointer "^4.0.0"
      xtend "^4.0.0"
  
  is-property@^1.0.0:
    version "1.0.2"
    resolved "https://registry.npmjs.org/is-property/-/is-property-1.0.2.tgz"
    integrity sha512-Ks/IoX00TtClbGQr4TWXemAnktAQvYB7HzcCxDGqEZU6oCmb2INHuOoKxbtR+HFkmYWBKv/dOZtGRiAjDhj92g==
  
  is-stream@^1.0.1:
    version "1.1.0"
    resolved "https://registry.npmjs.org/is-stream/-/is-stream-1.1.0.tgz"
    integrity sha512-uQPm8kcs47jx38atAcWTVxyltQYoPT68y9aWYdV6yWXSyW8mzSat0TL6CiWdZeCdF3KrAvpVtnHbTv4RN+rqdQ==
  
  is-svg@^2.0.0:
    version "2.1.0"
    resolved "https://registry.npmjs.org/is-svg/-/is-svg-2.1.0.tgz"
    integrity sha512-Ya1giYJUkcL/94quj0+XGcmts6cETPBW1MiFz1ReJrnDJ680F52qpAEGAEGU0nq96FRGIGPx6Yo1CyPXcOoyGw==
    dependencies:
      html-comment-regex "^1.1.0"
  
  is-typedarray@~1.0.0:
    version "1.0.0"
    resolved "https://registry.npmjs.org/is-typedarray/-/is-typedarray-1.0.0.tgz"
    integrity sha512-cyA56iCMHAh5CdzjJIa4aohJyeO1YbwLi3Jc35MmRU6poroFjIGZzUzupGiRPOjgHg9TLu43xbpwXk523fMxKA==
  
  isarray@~1.0.0:
    version "1.0.0"
    resolved "https://registry.npmjs.org/isarray/-/isarray-1.0.0.tgz"
    integrity sha512-VLghIWNM6ELQzo7zwmcg0NmTVyWKYjvIeM83yjp0wRDTmUnrM678fQbcKBo6n2CJEF0szoG//ytg+TKla89ALQ==
  
  isarray@0.0.1:
    version "0.0.1"
    resolved "https://registry.npmjs.org/isarray/-/isarray-0.0.1.tgz"
    integrity sha512-D2S+3GLxWH+uhrNEcoh/fnmYeP8E8/zHl644d/jdA0g2uyXvy3sb0qxotE+ne0LtccHknQzWwZEzhak7oJ0COQ==
  
  isexe@^2.0.0:
    version "2.0.0"
    resolved "https://registry.npmjs.org/isexe/-/isexe-2.0.0.tgz"
    integrity sha512-RHxMLp9lnKHGHRng9QFhRCMbYAcVpn69smSGcq3f36xjgVVWThj4qqLbTLlq7Ssj8B+fIQ1EuCEGI2lKsyQeIw==
  
  isstream@~0.1.2:
    version "0.1.2"
    resolved "https://registry.npmjs.org/isstream/-/isstream-0.1.2.tgz"
    integrity sha512-Yljz7ffyPbrLpLngrMtZ7NduUgVvi6wG9RJ9IUcyCd59YQ911PBJphODUcbOVbqYfxe1wuYf/LJ8PauMRwsM/g==
  
  jade@0.26.3:
    version "0.26.3"
    resolved "https://registry.npmjs.org/jade/-/jade-0.26.3.tgz"
    integrity sha512-mkk3vzUHFjzKjpCXeu+IjXeZD+QOTjUUdubgmHtHTDwvAO2ZTkMTTVrapts5CWz3JvJryh/4KWZpjeZrCepZ3A==
    dependencies:
      commander "0.6.1"
      mkdirp "0.3.0"
  
  js-base64@^2.1.9:
    version "2.1.9"
    resolved "https://registry.npmjs.org/js-base64/-/js-base64-2.1.9.tgz"
    integrity sha512-f+5mYh8iF7FlF7zgmj/yqvvYQUHI0kAxGiLjIfNxZzqJ7RQNc4sjgp8crVJw0Kzv2O6aFGZWgMTnO71I9utHSg==
  
  js-yaml@~2.0.5:
    version "2.0.5"
    resolved "https://registry.npmjs.org/js-yaml/-/js-yaml-2.0.5.tgz"
    integrity sha512-VEKcIksckDBUhg2JS874xVouiPkywVUh4yyUmLCDe1Zg3bCd6M+F1eGPenPeHLc2XC8pp9G8bsuofK0NeEqRkA==
    dependencies:
      argparse "~ 0.1.11"
      esprima "~ 1.0.2"
  
  js-yaml@~3.7.0:
    version "3.7.0"
    resolved "https://registry.npmjs.org/js-yaml/-/js-yaml-3.7.0.tgz"
    integrity sha512-eIlkGty7HGmntbV6P/ZlAsoncFLGsNoM27lkTzS+oneY/EiNhj+geqD9ezg/ip+SW6Var0BJU2JtV0vEUZpWVQ==
    dependencies:
      argparse "^1.0.7"
      esprima "^2.6.0"
  
  jsbn@~0.1.0:
    version "0.1.1"
    resolved "https://registry.npmjs.org/jsbn/-/jsbn-0.1.1.tgz"
    integrity sha512-UVU9dibq2JcFWxQPA6KCqj5O42VOmAY3zQUfEKxU0KpTGXwNoCjkX1e13eHNvw/xPynt6pU0rZ1htjWTNTSXsg==
  
  jshint@~2.1.10:
    version "2.1.11"
    resolved "https://registry.npmjs.org/jshint/-/jshint-2.1.11.tgz"
    integrity sha512-dudyjI4JJQYLUIKWq4SESC5xTC4Qw/VeL+VzEnkG7ZwKaxap+jKkySGQgjHj1ruSlTN4vXr0pAUIA8EFPS/+zw==
    dependencies:
      cli "0.4.x"
      console-browserify "0.1.x"
      minimatch "0.x.x"
      shelljs "0.1.x"
      underscore "1.4.x"
  
  json-schema@0.2.3:
    version "0.2.3"
    resolved "https://registry.npmjs.org/json-schema/-/json-schema-0.2.3.tgz"
    integrity sha512-a3xHnILGMtk+hDOqNwHzF6e2fNbiMrXZvxKQiEv2MlgQP+pjIOzqAmKYD2mDpXYE/44M7g+n9p2bKkYWDUcXCQ==
  
  json-stable-stringify@^1.0.1:
    version "1.0.1"
    resolved "https://registry.npmjs.org/json-stable-stringify/-/json-stable-stringify-1.0.1.tgz"
    integrity sha512-i/J297TW6xyj7sDFa7AmBPkQvLIxWr2kKPWI26tXydnZrzVAocNqn5DMNT1Mzk0vit1V5UkRM7C1KdVNp7Lmcg==
    dependencies:
      jsonify "~0.0.0"
  
  json-stringify-safe@~5.0.0, json-stringify-safe@~5.0.1:
    version "5.0.1"
    resolved "https://registry.npmjs.org/json-stringify-safe/-/json-stringify-safe-5.0.1.tgz"
    integrity sha512-ZClg6AaYvamvYEE82d3Iyd3vSSIjQ+odgjaTzRuO3s7toCdFKczob2i0zCh7JE8kWn17yvAWhUVxvqGwUalsRA==
  
  jsonfile@^2.1.0:
    version "2.4.0"
    resolved "https://registry.npmjs.org/jsonfile/-/jsonfile-2.4.0.tgz"
    integrity sha512-PKllAqbgLgxHaj8TElYymKCAgrASebJrWpTnEkOaTowt23VKXXN0sUeriJ+eh7y6ufb/CC5ap11pz71/cM0hUw==
    optionalDependencies:
      graceful-fs "^4.1.6"
  
  jsonify@~0.0.0:
    version "0.0.0"
    resolved "https://registry.npmjs.org/jsonify/-/jsonify-0.0.0.tgz"
    integrity sha512-trvBk1ki43VZptdBI5rIlG4YOzyeH/WefQt5rj1grasPn4iiZWKet8nkgc4GlsAylaztn0qZfUYOiTsASJFdNA==
  
  jsonpointer@^4.0.0:
    version "4.0.1"
    resolved "https://registry.npmjs.org/jsonpointer/-/jsonpointer-4.0.1.tgz"
    integrity sha512-K7vR/jmvXsP04hvItAziqPeWmGceLWye9tkqbI+zFCvD4aDnL94BbGHggtQTfqRxbsgGWb4ospGQU8Rd7CEzPg==
  
  jsprim@^1.2.2:
    version "1.4.1"
    resolved "https://registry.npmjs.org/jsprim/-/jsprim-1.4.1.tgz"
    integrity sha512-4Dj8Rf+fQ+/Pn7C5qeEX02op1WfOss3PKTE9Nsop3Dx+6UPxlm1dr/og7o2cRa5hNN07CACr4NFzRLtj/rjWog==
    dependencies:
      assert-plus "1.0.0"
      extsprintf "1.3.0"
      json-schema "0.2.3"
      verror "1.10.0"
  
  kew@~0.7.0:
    version "0.7.0"
    resolved "https://registry.npmjs.org/kew/-/kew-0.7.0.tgz"
    integrity sha512-IG6nm0+QtAMdXt9KvbgbGdvY50RSrw+U4sGZg+KlrSKPJEwVE5JVoI3d7RWfSMdBQneRheeAOj3lIjX5VL/9RQ==
  
  klaw@^1.0.0:
    version "1.3.1"
    resolved "https://registry.npmjs.org/klaw/-/klaw-1.3.1.tgz"
    integrity sha512-TED5xi9gGQjGpNnvRWknrwAB1eL5GciPfVFOt3Vk1OJCVDQbzuSfrF3hkUQKlsgKrG1F+0t5W0m+Fje1jIt8rw==
    optionalDependencies:
      graceful-fs "^4.1.9"
  
  less@~2.7.1:
    version "2.7.2"
    resolved "https://registry.npmjs.org/less/-/less-2.7.2.tgz"
    integrity sha512-rMNVkQrv/ySmHJdSoXfmnVIJFJbkd77MQ7UzflrT6qynF1E7/gmQ+L020WNgStW2bnGYL7+zpu10ZEHRrz22hg==
    optionalDependencies:
      errno "^0.1.1"
      graceful-fs "^4.1.2"
      image-size "~0.5.0"
      mime "^1.2.11"
      mkdirp "^0.5.0"
      promise "^7.1.1"
      request "^2.72.0"
      source-map "^0.5.3"
  
  livereload-js@^2.3.0:
    version "2.4.0"
    resolved "https://registry.npmjs.org/livereload-js/-/livereload-js-2.4.0.tgz"
    integrity sha512-XPQH8Z2GDP/Hwz2PCDrh2mth4yFejwA1OZ/81Ti3LgKyhDcEjsSsqFWZojHG0va/duGd+WyosY7eXLDoOyqcPw==
  
  load-grunt-tasks@~0.1.0:
    version "0.1.3"
    resolved "https://registry.npmjs.org/load-grunt-tasks/-/load-grunt-tasks-0.1.3.tgz"
    integrity sha512-pBAM8B95ZB5pIE6Jf2C4W/SfpN62iknIeAkNyspo/KjKsU7R8KT31b6f5fXe6WWrF0c8u5gJjkqzqeISi+O7dg==
    dependencies:
      lodash "~2.2.1"
      minimatch "~0.2.12"
  
  lodash@^3.1.0:
    version "3.10.1"
    resolved "https://registry.npmjs.org/lodash/-/lodash-3.10.1.tgz"
    integrity sha512-9mDDwqVIma6OZX79ZlDACZl8sBm0TEnkf99zV3iMA4GzkIT/9hiqP5mY0HoT1iNLCrKc/R1HByV+yJfRWVJryQ==
  
  lodash@^3.9.0:
    version "3.10.1"
    resolved "https://registry.npmjs.org/lodash/-/lodash-3.10.1.tgz"
    integrity sha512-9mDDwqVIma6OZX79ZlDACZl8sBm0TEnkf99zV3iMA4GzkIT/9hiqP5mY0HoT1iNLCrKc/R1HByV+yJfRWVJryQ==
  
  lodash@^4.14.0, lodash@^4.8.2:
    version "4.17.4"
    resolved "https://registry.npmjs.org/lodash/-/lodash-4.17.4.tgz"
    integrity sha512-6X37Sq9KCpLSXEh8uM12AKYlviHPNNk4RxiGBn4cmKGJinbXBneWIV7iE/nXkM928O7ytHcHb6+X6Svl0f4hXg==
  
  lodash@^4.17.10, lodash@^4.17.14:
    version "4.17.21"
    resolved "https://registry.npmjs.org/lodash/-/lodash-4.17.21.tgz"
    integrity sha512-v2kDEe57lecTulaDIuNTPy3Ry4gLGJ6Z1O3vE1krgXZNrsQ+LFTGHVxVjcXPs17LhbZVGedAJv8XZ1tvj5FvSg==
  
  lodash@~0.9.2:
    version "0.9.2"
    resolved "https://registry.npmjs.org/lodash/-/lodash-0.9.2.tgz"
    integrity sha512-LVbt/rjK62gSbhehDVKL0vlaime4Y1IBixL+bKeNfoY4L2zab/jGrxU6Ka05tMA/zBxkTk5t3ivtphdyYupczw==
  
  lodash@~1.0.0:
    version "1.0.2"
    resolved "https://registry.npmjs.org/lodash/-/lodash-1.0.2.tgz"
    integrity sha512-0VSEDVec/Me2eATuoiQd8IjyBMMX0fahob8YJ96V1go2RjvCk1m1GxmtfXn8RNSaLaTtop7fsuhhu9oLk3hUgA==
  
  lodash@~2.2.1:
    version "2.2.1"
    resolved "https://registry.npmjs.org/lodash/-/lodash-2.2.1.tgz"
    integrity sha512-rGaKzxe4Biu8YdCPD/tUkBF4/fnAqgj63A6PeAyQnH/NEKNUHgppGZUgYBYOmAZsBKwwAb343Q1Zew0RDB2jIg==
  
  lodash@~2.4.1:
    version "2.4.2"
    resolved "https://registry.npmjs.org/lodash/-/lodash-2.4.2.tgz"
    integrity sha512-Kak1hi6/hYHGVPmdyiZijoQyz5x2iGVzs6w9GYB/HiXEtylY7tIoYEROMjvM1d9nXJqPOrG2MNPMn01bJ+S0Rw==
  
  lodash@~4.17.4:
    version "4.17.4"
    resolved "https://registry.npmjs.org/lodash/-/lodash-4.17.4.tgz"
    integrity sha512-6X37Sq9KCpLSXEh8uM12AKYlviHPNNk4RxiGBn4cmKGJinbXBneWIV7iE/nXkM928O7ytHcHb6+X6Svl0f4hXg==
  
  lru-cache@2:
    version "2.7.3"
    resolved "https://registry.npmjs.org/lru-cache/-/lru-cache-2.7.3.tgz"
    integrity sha512-WpibWJ60c3AgAz8a2iYErDrcT2C7OmKnsWhIcHOjkUHFjkXncJhtLxNSqUmxRxRunpb5I8Vprd7aNSd2NtksJQ==
  
  make-dir@^1.0.0:
    version "1.0.0"
    resolved "https://registry.npmjs.org/make-dir/-/make-dir-1.0.0.tgz"
    integrity sha512-d4rXDWLFad/RwLfoORm8T/Vtm8A9h7S8tobJ4WRo9DEJg5KjWNVFbVpzLgpX9OfzD8JiXIa7fq/p9z6HT1J9uA==
    dependencies:
      pify "^2.3.0"
  
  maxmin@^3.0.0:
    version "3.0.0"
    resolved "https://registry.npmjs.org/maxmin/-/maxmin-3.0.0.tgz"
    integrity sha512-wcahMInmGtg/7c6a75fr21Ch/Ks1Tb+Jtoan5Ft4bAI0ZvJqyOw8kkM7e7p8hDSzY805vmxwHT50KcjGwKyJ0g==
    dependencies:
      chalk "^4.1.0"
      figures "^3.2.0"
      gzip-size "^5.1.1"
      pretty-bytes "^5.3.0"
  
  mime-db@~1.12.0:
    version "1.12.0"
    resolved "https://registry.npmjs.org/mime-db/-/mime-db-1.12.0.tgz"
    integrity sha512-5aMAW7I4jZoZB27fXRuekqc4DVvJ7+hM8UcWrNj2mqibE54gXgPSonBYBdQW5hyaVNGmiYjY0ZMqn9fBefWYvA==
  
  mime-db@~1.29.0:
    version "1.29.0"
    resolved "https://registry.npmjs.org/mime-db/-/mime-db-1.29.0.tgz"
    integrity sha512-7lKSppGEWkMwBxzcWKCwXreQ0GDj0fPtlwQG+jvtSMDICY1jTgYxnGmAFP35eIDmC2ldkJQdXj0Ot/j7tyahcA==
  
  mime-types@^2.1.11, mime-types@^2.1.12, mime-types@~2.1.7:
    version "2.1.16"
    resolved "https://registry.npmjs.org/mime-types/-/mime-types-2.1.16.tgz"
    integrity sha512-YjTLbZxlgVrR0Gv3KxaqEcTDMoxI+kjRw8box2aRPm0IDtIqP6hC6pv5F2ONy7UcgTtSQE6zAqkZE7jDP0gb1g==
    dependencies:
      mime-db "~1.29.0"
  
  mime-types@~1.0.1:
    version "1.0.2"
    resolved "https://registry.npmjs.org/mime-types/-/mime-types-1.0.2.tgz"
    integrity sha512-echfutj/t5SoTL4WZpqjA1DCud1XO0WQF3/GJ48YBmc4ZMhCK77QA6Z/w6VTQERLKuJ4drze3kw2TUT8xZXVNw==
  
  mime-types@~2.0.3:
    version "2.0.14"
    resolved "https://registry.npmjs.org/mime-types/-/mime-types-2.0.14.tgz"
    integrity sha512-2ZHUEstNkIf2oTWgtODr6X0Cc4Ns/RN/hktdozndiEhhAC2wxXejF1FH0XLHTEImE9h6gr/tcnr3YOnSGsxc7Q==
    dependencies:
      mime-db "~1.12.0"
  
  mime@^1.2.11, mime@~1.2.9, mime@1.2.x:
    version "1.2.11"
    resolved "https://registry.npmjs.org/mime/-/mime-1.2.11.tgz"
    integrity sha512-Ysa2F/nqTNGHhhm9MV8ure4+Hc+Y8AWiqUdHxsO7xu8zc92ND9f3kpALHjaP026Ft17UfxrMt95c50PLUeynBw==
  
  minimatch@^3.0.4, minimatch@~3.0.2:
    version "3.0.4"
    resolved "https://registry.npmjs.org/minimatch/-/minimatch-3.0.4.tgz"
    integrity sha512-yJHVQEhyqPLUTgt9B83PXu6W3rx4MvvHvSUvToogpwoGDOUQ+yDrR0HRot+yOCdCO7u4hX3pWft6kWBBcqh0UA==
    dependencies:
      brace-expansion "^1.1.7"
  
  minimatch@~0.2.11, minimatch@~0.2.12, minimatch@0.x.x:
    version "0.2.14"
    resolved "https://registry.npmjs.org/minimatch/-/minimatch-0.2.14.tgz"
    integrity sha512-zZ+Jy8lVWlvqqeM8iZB7w7KmQkoJn8djM585z88rywrEbzoqawVa9FR5p2hwD+y74nfuKOjmNvi9gtWJNLqHvA==
    dependencies:
      lru-cache "2"
      sigmund "~1.0.0"
  
  minimatch@0.3:
    version "0.3.0"
    resolved "https://registry.npmjs.org/minimatch/-/minimatch-0.3.0.tgz"
    integrity sha512-WFX1jI1AaxNTZVOHLBVazwTWKaQjoykSzCBNXB72vDTCzopQGtyP91tKdFK5cv1+qMwPyiTu1HqUriqplI8pcA==
    dependencies:
      lru-cache "2"
      sigmund "~1.0.0"
  
  minimist@0.0.8:
    version "0.0.8"
    resolved "https://registry.npmjs.org/minimist/-/minimist-0.0.8.tgz"
    integrity sha512-miQKw5Hv4NS1Psg2517mV4e4dYNaO3++hjAvLOAzKqZ61rH8NS1SK+vbfBWZ5PY/Me/bEWhUwqMghEW5Fb9T7Q==
  
  mkdirp@^0.5.0, mkdirp@~0.5.1:
    version "0.5.1"
    resolved "https://registry.npmjs.org/mkdirp/-/mkdirp-0.5.1.tgz"
    integrity sha512-SknJC52obPfGQPnjIkXbmA6+5H15E+fR+E4iR2oQ3zzCLbd7/ONua69R/Gw7AgkTLsRG+r5fzksYwWe1AgTyWA==
    dependencies:
      minimist "0.0.8"
  
  mkdirp@0.3.0:
    version "0.3.0"
    resolved "https://registry.npmjs.org/mkdirp/-/mkdirp-0.3.0.tgz"
    integrity sha512-OHsdUcVAQ6pOtg5JYWpCBo9W/GySVuwvP9hueRMW7UqshC0tbfzLv8wjySTPm3tfUZ/21CE9E1pJagOA91Pxew==
  
  mkdirp@0.5.0:
    version "0.5.0"
    resolved "https://registry.npmjs.org/mkdirp/-/mkdirp-0.5.0.tgz"
    integrity sha512-xjjNGy+ry1lhtIKcr2PT6ok3aszhQfgrUDp4OZLHacgRgFmF6XR9XCOJVcXlVGQonIqXcK1DvqgKKQOPWYGSfw==
    dependencies:
      minimist "0.0.8"
  
  mocha@^1.21.5:
    version "1.21.5"
    resolved "https://registry.npmjs.org/mocha/-/mocha-1.21.5.tgz"
    integrity sha512-ng2r0YrLCHtmp8W7HyLzSmbdidt3g1I63HhCmOqZH4vzFhmtHcYwcoAmpsJKL142He9NA2HJpmsz9amYDxoZ1Q==
    dependencies:
      commander "2.3.0"
      debug "2.0.0"
      diff "1.0.8"
      escape-string-regexp "1.0.2"
      glob "3.2.3"
      growl "1.8.1"
      jade "0.26.3"
      mkdirp "0.5.0"
  
  ms@^2.1.1:
    version "2.1.3"
    resolved "https://registry.npmjs.org/ms/-/ms-2.1.3.tgz"
    integrity sha512-6FlzubTLZG3J2a/NVCAleEhjzq5oxgHyaCU9yYXvcLsvoVaHJq/s5xXI6/XXP6tz7R9xAOtHnSO/tXtF3WRTlA==
  
  ms@~0.6.1:
    version "0.6.2"
    resolved "https://registry.npmjs.org/ms/-/ms-0.6.2.tgz"
    integrity sha512-/pc3eh7TWorTtbvXg8je4GvrvEqCfH7PA3P7iW01yL2E53FKixzgMBaQi0NOPbMJqY34cBSvR0tZtmlTkdUG4A==
  
  ms@0.6.2:
    version "0.6.2"
    resolved "https://registry.npmjs.org/ms/-/ms-0.6.2.tgz"
    integrity sha512-/pc3eh7TWorTtbvXg8je4GvrvEqCfH7PA3P7iW01yL2E53FKixzgMBaQi0NOPbMJqY34cBSvR0tZtmlTkdUG4A==
  
  node-uuid@~1.4.0, node-uuid@~1.4.7:
    version "1.4.8"
    resolved "https://registry.npmjs.org/node-uuid/-/node-uuid-1.4.8.tgz"
    integrity sha512-TkCET/3rr9mUuRp+CpO7qfgT++aAxfDRaalQhwPFzI9BY/2rCDn6OfpZOVggi1AXfTPpfkTrg5f5WQx5G1uLxA==
  
  nopt@~1.0.10:
    version "1.0.10"
    resolved "https://registry.npmjs.org/nopt/-/nopt-1.0.10.tgz"
    integrity sha512-NWmpvLSqUrgrAC9HCuxEvb+PSloHpqVu+FqcO4eeF2h5qYRhA7ev6KvelyQAKtegUbC6RypJnlEOhd8vloNKYg==
    dependencies:
      abbrev "1"
  
  normalize-range@^0.1.2:
    version "0.1.2"
    resolved "https://registry.npmjs.org/normalize-range/-/normalize-range-0.1.2.tgz"
    integrity sha512-bdok/XvKII3nUpklnV6P2hxtMNrCboOjAcyBuQnWEhO665FwrSNRxU+AqpsyvO6LgGYPspN+lu5CLtw4jPRKNA==
  
  num2fraction@^1.2.2:
    version "1.2.2"
    resolved "https://registry.npmjs.org/num2fraction/-/num2fraction-1.2.2.tgz"
    integrity sha512-Y1wZESM7VUThYY+4W+X4ySH2maqcA+p7UR+w8VWNWVAd6lwuXXWz/w/Cz43J/dI2I+PS6wD5N+bJUF+gjWvIqg==
  
  oauth-sign@~0.5.0:
    version "0.5.0"
    resolved "https://registry.npmjs.org/oauth-sign/-/oauth-sign-0.5.0.tgz"
    integrity sha512-jXeZq5EriUSGdNIePO45lhemfuCBKi5DARdE30v173MPCLymq2DxR477J/RuCXLphNx7OVAqXVyj3JoUaiHpNw==
  
  oauth-sign@~0.8.0:
    version "0.8.2"
    resolved "https://registry.npmjs.org/oauth-sign/-/oauth-sign-0.8.2.tgz"
    integrity sha512-VlF07iu3VV3+BTXj43Nmp6Irt/G7j/NgEctUS6IweH1RGhURjjCc2NWtzXFPXXWWfc7hgbXQdtiQu2LGp6MxUg==
  
  oauth-sign@~0.8.1:
    version "0.8.2"
    resolved "https://registry.npmjs.org/oauth-sign/-/oauth-sign-0.8.2.tgz"
    integrity sha512-VlF07iu3VV3+BTXj43Nmp6Irt/G7j/NgEctUS6IweH1RGhURjjCc2NWtzXFPXXWWfc7hgbXQdtiQu2LGp6MxUg==
  
  object-assign@^4.0.1, object-assign@^4.1.0:
    version "4.1.1"
    resolved "https://registry.npmjs.org/object-assign/-/object-assign-4.1.1.tgz"
    integrity sha512-rJgTQnkUnH1sFw8yT6VSU3zD3sWmu6sZhIseY8VX+GRu3P6F7Fu+JNDoXfklElbLJSnc3FUQHVe4cU5hj+BcUg==
  
  object-inspect@^1.13.1:
    version "1.13.2"
    resolved "https://registry.npmjs.org/object-inspect/-/object-inspect-1.13.2.tgz"
    integrity sha512-IRZSRuzJiynemAXPYtPe5BoI/RESNYR7TYm50MC5Mqbd3Jmw5y790sErYw3V6SryFJD64b74qQQs9wn5Bg/k3g==
  
  once@^1.3.0:
    version "1.4.0"
    resolved "https://registry.npmjs.org/once/-/once-1.4.0.tgz"
    integrity sha512-lNaJgI+2Q5URQBkccEKHTQOPaXdUxnZZElQTZY0MFUAuaEqe1E+Nyvgdz/aIyNi6Z9MzO5dv1H8n58/GELp3+w==
    dependencies:
      wrappy "1"
  
  open@~0.0.4:
    version "0.0.5"
    resolved "https://registry.npmjs.org/open/-/open-0.0.5.tgz"
    integrity sha512-+X/dJYLapVO1VbC620DhtNZK9U4/kQVaTQp/Gh7cb6UTLYfGZzzU2ZXkWrOA/wBrf4UqAFwtLqXYTxe4tSnWQQ==
  
  p-map@^1.1.1:
    version "1.1.1"
    resolved "https://registry.npmjs.org/p-map/-/p-map-1.1.1.tgz"
    integrity sha512-ZgdxREbSfiil6R8zOCRv0Coh3O6+wU6QTQa8TBXbSzQCVl1v0G0eKLZpom5iecB1FFZx9PQxQtDcJJchiYdAqA==
  
  p-pipe@^1.1.0:
    version "1.2.0"
    resolved "https://registry.npmjs.org/p-pipe/-/p-pipe-1.2.0.tgz"
    integrity sha512-IA8SqjIGA8l9qOksXJvsvkeQ+VGb0TAzNCzvKvz9wt5wWLqfWbV6fXy43gpR2L4Te8sOq3S+Ql9biAaMKPdbtw==
  
  "package@>= 1.0.0 < 1.2.0":
    version "1.0.1"
    resolved "https://registry.npmjs.org/package/-/package-1.0.1.tgz"
    integrity sha512-g6xZR6CO7okjie83sIRJodgGvaXqymfE5GLhN8N2TmZGShmHc/V23hO/vWbdnuy3D81As3pfovw72gGi42l9qA==
  
  path-is-absolute@^1.0.0:
    version "1.0.1"
    resolved "https://registry.npmjs.org/path-is-absolute/-/path-is-absolute-1.0.1.tgz"
    integrity sha512-AVbw3UJ2e9bq64vSaS9Am0fje1Pa8pbGqTTsmXfaIiMpnr5DlDhfJOuLj9Sf95ZPVDAUerDfEk88MPmPe7UCQg==
  
  pause@0.0.1:
    version "0.0.1"
    resolved "https://registry.npmjs.org/pause/-/pause-0.0.1.tgz"
    integrity sha512-KG8UEiEVkR3wGEb4m5yZkVCzigAD+cVEJck2CzYZO37ZGJfctvVptVO192MwrtPhzONn6go8ylnOdMhKqi4nfg==
  
  pend@~1.2.0:
    version "1.2.0"
    resolved "https://registry.npmjs.org/pend/-/pend-1.2.0.tgz"
    integrity sha512-F3asv42UuXchdzt+xXqfW1OGlVBe+mxa2mqI0pg5yAHZPvFmY3Y6drSf/GQ1A86WgWEN9Kzh/WrgKa6iGcHXLg==
  
  performance-now@^0.2.0:
    version "0.2.0"
    resolved "https://registry.npmjs.org/performance-now/-/performance-now-0.2.0.tgz"
    integrity sha512-YHk5ez1hmMR5LOkb9iJkLKqoBlL7WD5M8ljC75ZfzXriuBIVNuecaXuU7e+hOwyqf24Wxhh7Vxgt7Hnw9288Tg==
  
  phantomjs@^1.9.15:
    version "1.9.20"
    resolved "https://registry.npmjs.org/phantomjs/-/phantomjs-1.9.20.tgz"
    integrity sha512-uja26qe+aIP4ptuCCAk0HNTJXoFIf+7l6RZ9OwCH0lbHpQtcS9VhEeirSqytsarg78wA+Zb5rKwiJK8KezrIcA==
    dependencies:
      extract-zip "~1.5.0"
      fs-extra "~0.26.4"
      hasha "^2.2.0"
      kew "~0.7.0"
      progress "~1.1.8"
      request "~2.67.0"
      request-progress "~2.0.1"
      which "~1.2.2"
  
  pify@^2.0.0, pify@^2.3.0:
    version "2.3.0"
    resolved "https://registry.npmjs.org/pify/-/pify-2.3.0.tgz"
    integrity sha512-udgsAY+fTnvv7kI7aaxbqwWNb0AHiB0qBO89PZKPkoTmGOgdbrHDKD+0B2X4uTfJ/FT1R09r9gTsjUjNJotuog==
  
  pify@^4.0.1:
    version "4.0.1"
    resolved "https://registry.npmjs.org/pify/-/pify-4.0.1.tgz"
    integrity sha512-uB80kBFb/tfd68bVleG9T5GGsGPjJrLAUpR5PZIrhBnIaRTQRjqdJSsIKkOP6OAIFbj7GOrcudc5pNjZ+geV2g==
  
  pinkie-promise@^2.0.0:
    version "2.0.1"
    resolved "https://registry.npmjs.org/pinkie-promise/-/pinkie-promise-2.0.1.tgz"
    integrity sha512-0Gni6D4UcLTbv9c57DfxDGdr41XfgUjqWZu492f0cIGr16zDU06BWP/RAEvOuo7CQ0CNjHaLlM59YJJFm3NWlw==
    dependencies:
      pinkie "^2.0.0"
  
  pinkie@^2.0.0:
    version "2.0.4"
    resolved "https://registry.npmjs.org/pinkie/-/pinkie-2.0.4.tgz"
    integrity sha512-MnUuEycAemtSaeFSjXKW/aroV7akBbY+Sv+RkyqFjgAe73F+MR0TBWKBRDkmfWq/HiFmdavfZ1G7h4SPZXaCSg==
  
  plur@^2.1.2:
    version "2.1.2"
    resolved "https://registry.npmjs.org/plur/-/plur-2.1.2.tgz"
    integrity sha512-WhcHk576xg9y/iv6RWOuroZgsqvCbJN+XGvAypCJwLAYs2iWDp5LUmvaCdV6JR2O0SMBf8l6p7A94AyLCFVMlQ==
    dependencies:
      irregular-plurals "^1.0.0"
  
  postcss-value-parser@^3.2.3:
    version "3.3.0"
    resolved "https://registry.npmjs.org/postcss-value-parser/-/postcss-value-parser-3.3.0.tgz"
    integrity sha512-3gxd4RJ4x8StdKO7ETg4JrS6jsgWNFV83jZeievoisuPMBT8oCjZGCtFnoZpve9NCS27r+UtCYEDn4QVbhPHrg==
  
  postcss@^5.0.0, postcss@^5.2.16:
    version "5.2.17"
    resolved "https://registry.npmjs.org/postcss/-/postcss-5.2.17.tgz"
    integrity sha512-0n4/a5Exgod60L1TjXAYJYqb8kwohUsXqUxYKOUqpRL8h2xL+vhQEuxxkvnWz8PtQiX1Qon3Xfzkx8yeJBBLLw==
    dependencies:
      chalk "^1.1.3"
      js-base64 "^2.1.9"
      source-map "^0.5.6"
      supports-color "^3.2.3"
  
  pretty-bytes@^4.0.2:
    version "4.0.2"
    resolved "https://registry.npmjs.org/pretty-bytes/-/pretty-bytes-4.0.2.tgz"
    integrity sha512-yJAF+AjbHKlxQ8eezMd/34Mnj/YTQ3i6kLzvVsH4l/BfIFtp444n0wVbnsn66JimZ9uBofv815aRp1zCppxlWw==
  
  pretty-bytes@^5.3.0:
    version "5.6.0"
    resolved "https://registry.npmjs.org/pretty-bytes/-/pretty-bytes-5.6.0.tgz"
    integrity sha512-FFw039TmrBqFK8ma/7OL3sDz/VytdtJr044/QUJtH0wK9lb9jLq9tJyIxUwtQJHwar2BqtiA4iCWSwo9JLkzFg==
  
  process-nextick-args@~1.0.6:
    version "1.0.7"
    resolved "https://registry.npmjs.org/process-nextick-args/-/process-nextick-args-1.0.7.tgz"
    integrity sha512-yN0WQmuCX63LP/TMvAg31nvT6m4vDqJEiiv2CAZqWOGNWutc9DfDk1NPYYmKUFmaVM2UwDowH4u5AHWYP/jxKw==
  
  progress@~1.1.8:
    version "1.1.8"
    resolved "https://registry.npmjs.org/progress/-/progress-1.1.8.tgz"
    integrity sha512-UdA8mJ4weIkUBO224tIarHzuHs4HuYiJvsuGT7j/SPQiUJVjYvNDBIPa0hAorduOfjGohB/qHWRa/lrrWX/mXw==
  
  promise@^7.1.1:
    version "7.3.1"
    resolved "https://registry.npmjs.org/promise/-/promise-7.3.1.tgz"
    integrity sha512-nolQXZ/4L+bP/UGlkfaIujX9BKxGwmQ9OT4mOt5yvy8iK1h3wqTEJCijzGANTCCl9nWjY41juyAn2K3Q1hLLTg==
    dependencies:
      asap "~2.0.3"
  
  prr@~0.0.0:
    version "0.0.0"
    resolved "https://registry.npmjs.org/prr/-/prr-0.0.0.tgz"
    integrity sha512-LmUECmrW7RVj6mDWKjTXfKug7TFGdiz9P18HMcO4RHL+RW7MCOGNvpj5j47Rnp6ne6r4fZ2VzyUWEpKbg+tsjQ==
  
  punycode@^1.4.1:
    version "1.4.1"
    resolved "https://registry.npmjs.org/punycode/-/punycode-1.4.1.tgz"
    integrity sha512-jmYNElW7yvO7TV33CjSmvSiE2yco3bV2czu/OzDKdMNVZQWfxCblURLhf+47syQRBntjfLdd/H0egrzIG+oaFQ==
  
  q@^1.1.2:
    version "1.5.0"
    resolved "https://registry.npmjs.org/q/-/q-1.5.0.tgz"
    integrity sha512-VVMcd+HnuWZalHPycK7CsbVJ+sSrrrnCvHcW38YJVK9Tywnb5DUWJjONi81bLUj7aqDjIXnePxBl5t1r/F/ncg==
  
  q@0.8.x:
    version "0.8.12"
    resolved "https://registry.npmjs.org/q/-/q-0.8.12.tgz"
    integrity sha512-mvLmeFP7lwVSFzDhpVhkI9Jw3u9goGQ2IY9nbSNMA4OZyviFjs2XILKMesUz8nBz4deKS9eWibvEuBNlRxZHBg==
  
  qs@^6.4.0:
    version "6.12.1"
    resolved "https://registry.npmjs.org/qs/-/qs-6.12.1.tgz"
    integrity sha512-zWmv4RSuB9r2mYQw3zxQuHWeU+42aKi1wWig/j4ele4ygELZ7PEO6MM7rim9oAQH2A5MWfsAVf/jPvTPgCbvUQ==
    dependencies:
      side-channel "^1.0.6"
  
  qs@~2.3.1:
    version "2.3.3"
    resolved "https://registry.npmjs.org/qs/-/qs-2.3.3.tgz"
    integrity sha512-f5M0HQqZWkzU8GELTY8LyMrGkr3bPjKoFtTkwUEqJQbcljbeK8M7mliP9Ia2xoOI6oMerp+QPS7oYJtpGmWe/A==
  
  qs@~5.2.0:
    version "5.2.1"
    resolved "https://registry.npmjs.org/qs/-/qs-5.2.1.tgz"
    integrity sha512-sh/hmLUTLEiYFhSbRvkM4zj6fMWnbqQt9wrppR2LJA/U/u4xS2eWN8LBE1xc79ExYZJBVZYSMBv/INC7wpE+fw==
  
  qs@~6.4.0:
    version "6.4.0"
    resolved "https://registry.npmjs.org/qs/-/qs-6.4.0.tgz"
    integrity sha512-Qs6dfgR5OksK/PSxl1kGxiZgEQe8RqJMB9wZqVlKQfU+zzV+HY77pWJnoJENACKDQByWdpr8ZPIh1TBi4lpiSQ==
  
  qs@0.6.5:
    version "0.6.5"
    resolved "https://registry.npmjs.org/qs/-/qs-0.6.5.tgz"
    integrity sha512-n7wA/f30O3SsOw2BVkGUDzjWMw7kXvQJWKtDdgfq5HJvDoad+Jbc6osN1AQ0Iain5plo9e7Cs5fE+xR+DVkPTw==
  
  range-parser@0.0.4:
    version "0.0.4"
    resolved "https://registry.npmjs.org/range-parser/-/range-parser-0.0.4.tgz"
    integrity sha512-okJVEq9DbZyg+5lD8pr6ooQmeA0uu8DYIyAU7VK1WUUK7hctI1yw2ZHhKiKjB6RXaDrYRmTR4SsIHkyiQpaLMA==
  
  raw-body@~1.1.0:
    version "1.1.7"
    resolved "https://registry.npmjs.org/raw-body/-/raw-body-1.1.7.tgz"
    integrity sha512-WmJJU2e9Y6M5UzTOkHaM7xJGAPQD8PNzx3bAd2+uhZAim6wDk6dAZxPVYLF67XhbR4hmKGh33Lpmh4XWrCH5Mg==
    dependencies:
      bytes "1"
      string_decoder "0.10"
  
  readable-stream@~1.0.26:
    version "1.0.34"
    resolved "https://registry.npmjs.org/readable-stream/-/readable-stream-1.0.34.tgz"
    integrity sha512-ok1qVCJuRkNmvebYikljxJA/UEsKwLl2nI1OmaqAu4/UE+h0wKCHok4XkL/gvi39OacXvw59RJUOFUkDib2rHg==
    dependencies:
      core-util-is "~1.0.0"
      inherits "~2.0.1"
      isarray "0.0.1"
      string_decoder "~0.10.x"
  
  readable-stream@~2.0.0:
    version "2.0.6"
    resolved "https://registry.npmjs.org/readable-stream/-/readable-stream-2.0.6.tgz"
    integrity sha512-TXcFfb63BQe1+ySzsHZI/5v1aJPCShfqvWJ64ayNImXMsN1Cd0YGk/wm8KB7/OeessgPc9QvS9Zou8QTkFzsLw==
    dependencies:
      core-util-is "~1.0.0"
      inherits "~2.0.1"
      isarray "~1.0.0"
      process-nextick-args "~1.0.6"
      string_decoder "~0.10.x"
      util-deprecate "~1.0.1"
  
  readable-stream@~2.0.5:
    version "2.0.6"
    resolved "https://registry.npmjs.org/readable-stream/-/readable-stream-2.0.6.tgz"
    integrity sha512-TXcFfb63BQe1+ySzsHZI/5v1aJPCShfqvWJ64ayNImXMsN1Cd0YGk/wm8KB7/OeessgPc9QvS9Zou8QTkFzsLw==
    dependencies:
      core-util-is "~1.0.0"
      inherits "~2.0.1"
      isarray "~1.0.0"
      process-nextick-args "~1.0.6"
      string_decoder "~0.10.x"
      util-deprecate "~1.0.1"
  
  readable-stream@1.1:
    version "1.1.13"
    resolved "https://registry.npmjs.org/readable-stream/-/readable-stream-1.1.13.tgz"
    integrity sha512-E98tWzqShvKDGpR2MbjsDkDQWLW2TfWUC15H4tNQhIJ5Lsta84l8nUGL9/ybltGwe+wZzWPpc1Kmd2wQP4bdCA==
    dependencies:
      core-util-is "~1.0.0"
      inherits "~2.0.1"
      isarray "0.0.1"
      string_decoder "~0.10.x"
  
  replace-ext@^1.0.0:
    version "1.0.0"
    resolved "https://registry.npmjs.org/replace-ext/-/replace-ext-1.0.0.tgz"
    integrity sha512-vuNYXC7gG7IeVNBC1xUllqCcZKRbJoSPOBhnTEcAIiKCsbuef6zO3F0Rve3isPMMoNoQRWjQwbAgAjHUHniyEA==
  
  request-progress@~2.0.1:
    version "2.0.1"
    resolved "https://registry.npmjs.org/request-progress/-/request-progress-2.0.1.tgz"
    integrity sha512-dxdraeZVUNEn9AvLrxkgB2k6buTlym71dJk1fk4v8j3Ou3RKNm07BcgbHdj2lLgYGfqX71F+awb1MR+tWPFJzA==
    dependencies:
      throttleit "^1.0.0"
  
  request@^2.72.0:
    version "2.81.0"
    resolved "https://registry.npmjs.org/request/-/request-2.81.0.tgz"
    integrity sha512-IZnsR7voF0miGSu29EXPRgPTuEsI/+aibNSBbN1pplrfartF5wDYGADz3iD9vmBVf2r00rckWZf8BtS5kk7Niw==
    dependencies:
      aws-sign2 "~0.6.0"
      aws4 "^1.2.1"
      caseless "~0.12.0"
      combined-stream "~1.0.5"
      extend "~3.0.0"
      forever-agent "~0.6.1"
      form-data "~2.1.1"
      har-validator "~4.2.1"
      hawk "~3.1.3"
      http-signature "~1.1.0"
      is-typedarray "~1.0.0"
      isstream "~0.1.2"
      json-stringify-safe "~5.0.1"
      mime-types "~2.1.7"
      oauth-sign "~0.8.1"
      performance-now "^0.2.0"
      qs "~6.4.0"
      safe-buffer "^5.0.1"
      stringstream "~0.0.4"
      tough-cookie "~2.3.0"
      tunnel-agent "^0.6.0"
      uuid "^3.0.0"
  
  request@~2.51.0:
    version "2.51.0"
    resolved "https://registry.npmjs.org/request/-/request-2.51.0.tgz"
    integrity sha512-6pfShjLfn6ThOlPHyQo7nBxEwTa2PzvqHruxQS51TrADjWj3qetRZ2Ae5gRzMF7N2fKG5Ww7su+Z6jA3sFv0Gw==
    dependencies:
      aws-sign2 "~0.5.0"
      bl "~0.9.0"
      caseless "~0.8.0"
      combined-stream "~0.0.5"
      forever-agent "~0.5.0"
      form-data "~0.2.0"
      hawk "1.1.1"
      http-signature "~0.10.0"
      json-stringify-safe "~5.0.0"
      mime-types "~1.0.1"
      node-uuid "~1.4.0"
      oauth-sign "~0.5.0"
      qs "~2.3.1"
      stringstream "~0.0.4"
      tough-cookie ">=0.12.0"
      tunnel-agent "~0.4.0"
  
  request@~2.67.0:
    version "2.67.0"
    resolved "https://registry.npmjs.org/request/-/request-2.67.0.tgz"
    integrity sha512-fzMRDWVEdMktE3foqvL4CBmC+AR8WvcP8pIPx6JSqqhWuPr+BxX9tKx4XiijfyeKtqqRMNpHDWqFMw4JlRPIJg==
    dependencies:
      aws-sign2 "~0.6.0"
      bl "~1.0.0"
      caseless "~0.11.0"
      combined-stream "~1.0.5"
      extend "~3.0.0"
      forever-agent "~0.6.1"
      form-data "~1.0.0-rc3"
      har-validator "~2.0.2"
      hawk "~3.1.0"
      http-signature "~1.1.0"
      is-typedarray "~1.0.0"
      isstream "~0.1.2"
      json-stringify-safe "~5.0.1"
      mime-types "~2.1.7"
      node-uuid "~1.4.7"
      oauth-sign "~0.8.0"
      qs "~5.2.0"
      stringstream "~0.0.4"
      tough-cookie "~2.2.0"
      tunnel-agent "~0.4.1"
  
  requirejs@~2.1.5, requirejs@2.1.x:
    version "2.1.22"
    resolved "https://registry.npmjs.org/requirejs/-/requirejs-2.1.22.tgz"
    integrity sha512-AhZqN7UrWV8R2d1LfGfznskMJNF0Vb6yStwrCn52UbktJg6y5V1I7RoGRyJtACe86d50PyQn0Iw0jYDKMvc4iA==
  
  rimraf@^2.2.8, rimraf@~2.2.1, rimraf@~2.2.8:
    version "2.2.8"
    resolved "https://registry.npmjs.org/rimraf/-/rimraf-2.2.8.tgz"
    integrity sha512-R5KMKHnPAQaZMqLOsyuyUmcIjSeDm+73eoqQpaXA7AZ22BL+6C+1mcUscgOsNd8WVlJuvlgAPsegcx7pjlV0Dg==
  
  safe-buffer@^5.0.1:
    version "5.1.1"
    resolved "https://registry.npmjs.org/safe-buffer/-/safe-buffer-5.1.1.tgz"
    integrity sha512-kKvNJn6Mm93gAczWVJg7wH+wGYWNrDHdWvpUmHyEsgCtIwwo3bqPtV4tR5tuPaUhTOo/kvhVwd8XwwOllGYkbg==
  
  safe-json-parse@~1.0.1:
    version "1.0.1"
    resolved "https://registry.npmjs.org/safe-json-parse/-/safe-json-parse-1.0.1.tgz"
    integrity sha512-o0JmTu17WGUaUOHa1l0FPGXKBfijbxK6qoHzlkihsDXxzBHvJcA7zgviKR92Xs841rX9pK16unfphLq0/KqX7A==
  
  sax@~1.2.1:
    version "1.2.4"
    resolved "https://registry.npmjs.org/sax/-/sax-1.2.4.tgz"
    integrity sha512-NqVDv9TpANUjFm0N8uM5GxL36UgKi9/atZw+x7YFnQ8ckwFGKrl4xX4yWtrey3UJm5nP1kUbnYgLopqWNSRhWw==
  
  semver@^4.3.0:
    version "4.3.6"
    resolved "https://registry.npmjs.org/semver/-/semver-4.3.6.tgz"
    integrity sha512-IrpJ+yoG4EOH8DFWuVg+8H1kW1Oaof0Wxe7cPcXW3x9BjkN/eVo54F15LyqemnDIUYskQWr9qvl/RihmSy6+xQ==
  
  send@0.1.1:
    version "0.1.1"
    resolved "https://registry.npmjs.org/send/-/send-0.1.1.tgz"
    integrity sha512-u4xNGU4XrE/d+e65Py/Qek4DVjYOICk8kAXSjEMZE89VO69FofFmo1PXHk/I/4pf58xteafBAa/Fi1+zZVZkGA==
    dependencies:
      debug "*"
      fresh "0.1.0"
      mime "~1.2.9"
      range-parser "0.0.4"
  
  set-function-length@^1.2.1:
    version "1.2.2"
    resolved "https://registry.npmjs.org/set-function-length/-/set-function-length-1.2.2.tgz"
    integrity sha512-pgRc4hJ4/sNjWCSS9AmnS40x3bNMDTknHgL5UaMBTMyJnU90EgWh1Rz+MC9eFu4BuN/UwZjKQuY/1v3rM7HMfg==
    dependencies:
      define-data-property "^1.1.4"
      es-errors "^1.3.0"
      function-bind "^1.1.2"
      get-intrinsic "^1.2.4"
      gopd "^1.0.1"
      has-property-descriptors "^1.0.2"
  
  shelljs@0.1.x:
    version "0.1.4"
    resolved "https://registry.npmjs.org/shelljs/-/shelljs-0.1.4.tgz"
    integrity sha512-UkXLBuUzAJwkal/0eYnQs8LpXQ4grKL5kPtA0RkUzhj1khUvw5Z2d717GRTRclDWQ+Y14yWkiM9cJX2CwSHxpw==
  
  side-channel@^1.0.6:
    version "1.0.6"
    resolved "https://registry.npmjs.org/side-channel/-/side-channel-1.0.6.tgz"
    integrity sha512-fDW/EZ6Q9RiO8eFG8Hj+7u/oW+XrPTIChwCOM2+th2A6OblDtYYIpve9m+KvI9Z4C9qSEXlaGR6bTEYHReuglA==
    dependencies:
      call-bind "^1.0.7"
      es-errors "^1.3.0"
      get-intrinsic "^1.2.4"
      object-inspect "^1.13.1"
  
  sigmund@~1.0.0:
    version "1.0.1"
    resolved "https://registry.npmjs.org/sigmund/-/sigmund-1.0.1.tgz"
    integrity sha512-fCvEXfh6NWpm+YSuY2bpXb/VIihqWA6hLsgboC+0nl71Q7N7o2eaCW8mJa/NLvQhs6jpd3VZV4UiUQlV6+lc8g==
  
  slash@~0.1.0:
    version "0.1.3"
    resolved "https://registry.npmjs.org/slash/-/slash-0.1.3.tgz"
    integrity sha512-9yyU4xFsBoZ6+s7njsnfRxWXmiSg0q85Wws1sQ58t47P2s+LZv2WLzaLvem012jKsikbXKjwJBzZUB2//kYQQw==
  
  sntp@0.2.x:
    version "0.2.4"
    resolved "https://registry.npmjs.org/sntp/-/sntp-0.2.4.tgz"
    integrity sha512-bDLrKa/ywz65gCl+LmOiIhteP1bhEsAAzhfMedPoiHP3dyYnAevlaJshdqb9Yu0sRifyP/fRqSt8t+5qGIWlGQ==
    dependencies:
      hoek "0.9.x"
  
  sntp@1.x.x:
    version "1.0.9"
    resolved "https://registry.npmjs.org/sntp/-/sntp-1.0.9.tgz"
    integrity sha512-7bgVOAnPj3XjrKY577S+puCKGCRlUrcrEdsMeRXlg9Ghf5df/xNi6sONUa43WrHUd3TjJBF7O04jYoiY0FVa0A==
    dependencies:
      hoek "2.x.x"
  
  source-map@^0.5.3:
    version "0.5.6"
    resolved "https://registry.npmjs.org/source-map/-/source-map-0.5.6.tgz"
    integrity sha512-MjZkVp0NHr5+TPihLcadqnlVoGIoWo4IBHptutGh9wI3ttUYvCG26HkSuDi+K6lsZ25syXJXcctwgyVCt//xqA==
  
  source-map@^0.5.6:
    version "0.5.6"
    resolved "https://registry.npmjs.org/source-map/-/source-map-0.5.6.tgz"
    integrity sha512-MjZkVp0NHr5+TPihLcadqnlVoGIoWo4IBHptutGh9wI3ttUYvCG26HkSuDi+K6lsZ25syXJXcctwgyVCt//xqA==
  
  source-map@~0.6.0:
    version "0.6.1"
    resolved "https://registry.npmjs.org/source-map/-/source-map-0.6.1.tgz"
    integrity sha512-UjgapumWlbMhkBgzT7Ykc5YXUT46F0iKu8SGXq0bcwP5dz/h0Plj6enJqjz1Zbq2l5WaqYnrVbwWOWMyF3F47g==
  
  source-map@0.1.34:
    version "0.1.34"
    resolved "https://registry.npmjs.org/source-map/-/source-map-0.1.34.tgz"
    integrity sha512-yfCwDj0vR9RTwt3pEzglgb3ZgmcXHt6DjG3bjJvzPwTL+5zDQ2MhmSzAcTy0GTiQuCiriSWXvWM1/NhKdXuoQA==
    dependencies:
      amdefine ">=0.0.4"
  
  sprintf-js@~1.0.2:
    version "1.0.3"
    resolved "https://registry.npmjs.org/sprintf-js/-/sprintf-js-1.0.3.tgz"
    integrity sha512-D9cPgkvLlV3t3IzL0D0YLvGA9Ahk4PcvVwUbN0dSGr1aP0Nrt4AEnTUbuGvquEC0mA64Gqt1fzirlRs5ibXx8g==
  
  sshpk@^1.7.0:
    version "1.13.1"
    resolved "https://registry.npmjs.org/sshpk/-/sshpk-1.13.1.tgz"
    integrity sha512-oKPL4k+ld5d737ZPB4VM99bqNb3JH+ZkxwWXR1iSPtqYbZv81hkLD7v8gmclrgR7aA8uh8ar+q0IF7gHFHg7PQ==
    dependencies:
      asn1 "~0.2.3"
      assert-plus "^1.0.0"
      dashdash "^1.12.0"
      getpass "^0.1.1"
    optionalDependencies:
      bcrypt-pbkdf "^1.0.0"
      ecc-jsbn "~0.1.1"
      jsbn "~0.1.0"
      tweetnacl "~0.14.0"
  
  string_decoder@~0.10.x, string_decoder@0.10:
    version "0.10.31"
    resolved "https://registry.npmjs.org/string_decoder/-/string_decoder-0.10.31.tgz"
    integrity sha512-ev2QzSzWPYmy9GuqfIVildA4OdcGLeFZQrq5ys6RtiuF+RQQiZWr8TZNyAcuVXyQRYfEO+MsoB/1BuQVhOJuoQ==
  
  string-template@~0.2.1:
    version "0.2.1"
    resolved "https://registry.npmjs.org/string-template/-/string-template-0.2.1.tgz"
    integrity sha512-Yptehjogou2xm4UJbxJ4CxgZx12HBfeystp0y3x7s4Dj32ltVVG1Gg8YhKjHZkHicuKpZX/ffilA8505VbUbpw==
  
  stringstream@~0.0.4:
    version "0.0.5"
    resolved "https://registry.npmjs.org/stringstream/-/stringstream-0.0.5.tgz"
    integrity sha512-QUQ1kThMjLRt4jA8lsn9lyIkE9bKafE7LDOL/nBBUY9Tfv2i3x1NAsVHG0uMCusFOWeeI6COhY/F20+avxRWSw==
  
  strip-ansi@^0.3.0:
    version "0.3.0"
    resolved "https://registry.npmjs.org/strip-ansi/-/strip-ansi-0.3.0.tgz"
    integrity sha512-DerhZL7j6i6/nEnVG0qViKXI0OKouvvpsAiaj7c+LfqZZZxdwZtv8+UiA/w4VUJpT8UzX0pR1dcHOii1GbmruQ==
    dependencies:
      ansi-regex "^0.2.1"
  
  strip-ansi@^3.0.0:
    version "3.0.1"
    resolved "https://registry.npmjs.org/strip-ansi/-/strip-ansi-3.0.1.tgz"
    integrity sha512-VhumSSbBqDTP8p2ZLKj40UjBCV4+v8bUSEpUb4KjRgWk9pbqGF4REFj6KEagidb2f/M6AzC0EmFyDNGaw9OCzg==
    dependencies:
      ansi-regex "^2.0.0"
  
  supports-color@^0.2.0:
    version "0.2.0"
    resolved "https://registry.npmjs.org/supports-color/-/supports-color-0.2.0.tgz"
    integrity sha512-tdCZ28MnM7k7cJDJc7Eq80A9CsRFAAOZUy41npOZCs++qSjfIy7o5Rh46CBk+Dk5FbKJ33X3Tqg4YrV07N5RaA==
  
  supports-color@^2.0.0:
    version "2.0.0"
    resolved "https://registry.npmjs.org/supports-color/-/supports-color-2.0.0.tgz"
    integrity sha512-KKNVtd6pCYgPIKU4cp2733HWYCpplQhddZLBUryaAHou723x+FRzQ5Df824Fj+IyyuiQTRoub4SnIFfIcrp70g==
  
  supports-color@^3.2.3:
    version "3.2.3"
    resolved "https://registry.npmjs.org/supports-color/-/supports-color-3.2.3.tgz"
    integrity sha512-Jds2VIYDrlp5ui7t8abHN2bjAu4LV/q4N2KivFPpGH0lrka0BMq/33AmECUXlKPcHigkNaqfXRENFju+rlcy+A==
    dependencies:
      has-flag "^1.0.0"
  
  supports-color@^7.1.0:
    version "7.2.0"
    resolved "https://registry.npmjs.org/supports-color/-/supports-color-7.2.0.tgz"
    integrity sha512-qpCAvRl9stuOHveKsn7HncJRvv501qIacKzQlO/+Lwxc9+0q2wLyv4Dfvt80/DPn2pqOBsJdDiogXGR9+OvwRw==
    dependencies:
      has-flag "^4.0.0"
  
  svgo@^0.7.0:
    version "0.7.2"
    resolved "https://registry.npmjs.org/svgo/-/svgo-0.7.2.tgz"
    integrity sha512-jT/g9FFMoe9lu2IT6HtAxTA7RR2XOrmcrmCtGnyB/+GQnV6ZjNn+KOHZbZ35yL81+1F/aB6OeEsJztzBQ2EEwA==
    dependencies:
      coa "~1.0.1"
      colors "~1.1.2"
      csso "~2.3.1"
      js-yaml "~3.7.0"
      mkdirp "~0.5.1"
      sax "~1.2.1"
      whet.extend "~0.9.9"
  
  temporary@^0.0.8:
    version "0.0.8"
    resolved "https://registry.npmjs.org/temporary/-/temporary-0.0.8.tgz"
    integrity sha512-NbWqVhmH2arfC/I7upx4VWYJEhp9SSpqjZwzt4LmCuT/7luiAUSt2L3/h9y/3crPnuIdMxg8GsxL9LvEHckdtw==
    dependencies:
      package ">= 1.0.0 < 1.2.0"
  
  text-table@~0.2.0:
    version "0.2.0"
    resolved "https://registry.npmjs.org/text-table/-/text-table-0.2.0.tgz"
    integrity sha512-N+8UisAXDGk8PFXP4HAzVR9nbfmVJ3zYLAWiTIoqC5v5isinhr+r5uaO8+7r3BMfuNIufIsA7RdpVgacC2cSpw==
  
  throttleit@^1.0.0:
    version "1.0.0"
    resolved "https://registry.npmjs.org/throttleit/-/throttleit-1.0.0.tgz"
    integrity sha512-rkTVqu6IjfQ/6+uNuuc3sZek4CEYxTJom3IktzgdSxcZqdARuebbA/f4QmAxMQIxqq9ZLEUkSYqvuk1I6VKq4g==
  
  time-grunt@~0.1.1:
    version "0.1.2"
    resolved "https://registry.npmjs.org/time-grunt/-/time-grunt-0.1.2.tgz"
    integrity sha512-3+FqnAkDh7XZw+lceLt7ni3RYSMvRnFdjAloTac35Q+az0zOhVzZ1zDq/G22VeBckn5zVw5VZ8OF+i6Jkh7hCg==
    dependencies:
      chalk "~0.3.0"
      ms "~0.6.1"
      text-table "~0.2.0"
  
  tiny-lr@^1.1.1:
    version "1.1.1"
    resolved "https://registry.npmjs.org/tiny-lr/-/tiny-lr-1.1.1.tgz"
    integrity sha512-44yhA3tsaRoMOjQQ+5v5mVdqef+kH6Qze9jTpqtVufgYjYt08zyZAwNwwVBj3i1rJMnR52IxOW0LK0vBzgAkuA==
    dependencies:
      body "^5.1.0"
      debug "^3.1.0"
      faye-websocket "~0.10.0"
      livereload-js "^2.3.0"
      object-assign "^4.1.0"
      qs "^6.4.0"
  
  tmp@0.0.21:
    version "0.0.21"
    resolved "https://registry.npmjs.org/tmp/-/tmp-0.0.21.tgz"
    integrity sha512-u59KN6q1pkKh8XJ7emnFEq8Z7ouW6jmiWFffIxTTFtNjvZEKhwwTq1PhAPRQt8bXBsQ6D+zngVtSNIpsvQlgmg==
  
  tough-cookie@>=0.12.0, tough-cookie@~2.3.0:
    version "2.3.2"
    resolved "https://registry.npmjs.org/tough-cookie/-/tough-cookie-2.3.2.tgz"
    integrity sha512-42UXjmzk88F7URyg9wDV/dlQ7hXtl/SDV6xIMVdDq82cnDGQDyg8mI8xGBPOwpEfbhvrja6cJ8H1wr0xxykBKA==
    dependencies:
      punycode "^1.4.1"
  
  tough-cookie@~2.2.0:
    version "2.2.2"
    resolved "https://registry.npmjs.org/tough-cookie/-/tough-cookie-2.2.2.tgz"
    integrity sha512-Knz9Yr0hlBoWQgUKzOIvRg5adinizAf49i2gHRhj6cLjlM304zRw7uyiY22ADniDxnPHXfIeyQD0EAkgpIz0ow==
  
  tunnel-agent@^0.6.0:
    version "0.6.0"
    resolved "https://registry.npmjs.org/tunnel-agent/-/tunnel-agent-0.6.0.tgz"
    integrity sha512-McnNiV1l8RYeY8tBgEpuodCC1mLUdbSN+CYBL7kJsJNInOP8UjDDEwdk6Mw60vdLLrr5NHKZhMAOSrR2NZuQ+w==
    dependencies:
      safe-buffer "^5.0.1"
  
  tunnel-agent@~0.4.0, tunnel-agent@~0.4.1:
    version "0.4.3"
    resolved "https://registry.npmjs.org/tunnel-agent/-/tunnel-agent-0.4.3.tgz"
    integrity sha512-e0IoVDWx8SDHc/hwFTqJDQ7CCDTEeGhmcT9jkWJjoGQSpgBz20nAMr80E3Tpk7PatJ1b37DQDgJR3CNSzcMOZQ==
  
  tweetnacl@^0.14.3, tweetnacl@~0.14.0:
    version "0.14.5"
    resolved "https://registry.npmjs.org/tweetnacl/-/tweetnacl-0.14.5.tgz"
    integrity sha512-KXXFFdAbFXY4geFIwoyNK+f5Z1b7swfXABfL7HXCmoIWMKU3dmS26672A4EeQtDzLKy7SXmfBu51JolvEKwtGA==
  
  typedarray@~0.0.5:
    version "0.0.6"
    resolved "https://registry.npmjs.org/typedarray/-/typedarray-0.0.6.tgz"
    integrity sha512-/aCDEGatGvZ2BIk+HmLf4ifCJFwvKFNb9/JeZPMulfgFracn9QFcAf5GO8B/mweUjSoblS5In0cWhqpfs/5PQA==
  
  uglify-js@~2.4.0:
    version "2.4.24"
    resolved "https://registry.npmjs.org/uglify-js/-/uglify-js-2.4.24.tgz"
    integrity sha512-tktIjwackfZLd893KGJmXc1hrRHH1vH9Po3xFh1XBjjeGAnN02xJ3SuoA+n1L29/ZaCA18KzCFlckS+vfPugiA==
    dependencies:
      async "~0.2.6"
      source-map "0.1.34"
      uglify-to-browserify "~1.0.0"
      yargs "~3.5.4"
  
  uglify-to-browserify@~1.0.0:
    version "1.0.2"
    resolved "https://registry.npmjs.org/uglify-to-browserify/-/uglify-to-browserify-1.0.2.tgz"
    integrity sha512-vb2s1lYx2xBtUgy+ta+b2J/GLVUR+wmpINwHePmPRhOsIVCG2wDzKJ0n14GslH1BifsqVzSOwQhRaCAsZ/nI4Q==
  
  underscore.string@~2.2.1:
    version "2.2.1"
    resolved "https://registry.npmjs.org/underscore.string/-/underscore.string-2.2.1.tgz"
    integrity sha512-3FVmhXqelrj6gfgp3Bn6tOavJvW0dNH2T+heTD38JRxIrAbiuzbqjknszoOYj3DyFB1nWiLj208Qt2no/L4cIA==
  
  underscore.string@~2.3.3:
    version "2.3.3"
    resolved "https://registry.npmjs.org/underscore.string/-/underscore.string-2.3.3.tgz"
    integrity sha512-hbD5MibthuDAu4yA5wxes5bzFgqd3PpBJuClbRxaNddxfdsz+qf+1kHwrGQFrmchmDHb9iNU+6EHDn8uj0xDJg==
  
  underscore.string@~2.4.0:
    version "2.4.0"
    resolved "https://registry.npmjs.org/underscore.string/-/underscore.string-2.4.0.tgz"
    integrity sha512-yxkabuCaIBnzfIvX3kBxQqCs0ar/bfJwDnFEHJUm/ZrRVhT3IItdRF5cZjARLzEnyQYtIUhsZ2LG2j3HidFOFQ==
  
  underscore@~1.5:
    version "1.5.2"
    resolved "https://registry.npmjs.org/underscore/-/underscore-1.5.2.tgz"
    integrity sha512-yejOFsRnTJs0N9CK5Apzf6maDO2djxGoLLrlZlvGs2o9ZQuhIhDL18rtFyy4FBIbOkzA6+4hDgXbgz5EvDQCXQ==
  
  underscore@~1.7.0:
    version "1.7.0"
    resolved "https://registry.npmjs.org/underscore/-/underscore-1.7.0.tgz"
    integrity sha512-cp0oQQyZhUM1kpJDLdGO1jPZHgS/MpzoWYfe9+CM2h/QGDZlqwT2T3YGukuBdaNJ/CAPoeyAZRRHz8JFo176vA==
  
  underscore@1.4.x:
    version "1.4.4"
    resolved "https://registry.npmjs.org/underscore/-/underscore-1.4.4.tgz"
    integrity sha512-ZqGrAgaqqZM7LGRzNjLnw5elevWb5M8LEoDMadxIW3OWbcv72wMMgKdwOKpd5Fqxe8choLD8HN3iSj3TUh/giQ==
  
  uri-path@0.0.2:
    version "0.0.2"
    resolved "https://registry.npmjs.org/uri-path/-/uri-path-0.0.2.tgz"
    integrity sha512-Jy+ZEVTqPoMgGQL2qW2uXpLKnZgwK+ypTI+u2f05qqWSHqyQBn+vvWE8DnODiw9GAcpf5QX2x3vZAuatzuyIjg==
  
  util-deprecate@~1.0.1:
    version "1.0.2"
    resolved "https://registry.npmjs.org/util-deprecate/-/util-deprecate-1.0.2.tgz"
    integrity sha512-EPD5q1uXyFxJpCrLnCc1nHnq3gOa6DZBocAIiI2TaSCA7VCJ1UJDMagCzIkXNsUYfD1daK//LTEQ8xiIbrHtcw==
  
  uuid@^3.0.0:
    version "3.1.0"
    resolved "https://registry.npmjs.org/uuid/-/uuid-3.1.0.tgz"
    integrity sha512-DIWtzUkw04M4k3bf1IcpS2tngXEL26YUD2M0tMDUpnUrz2hgzUBlD55a4FjdLGPvfHxS6uluGWvaVEqgBcVa+g==
  
  verror@1.10.0:
    version "1.10.0"
    resolved "https://registry.npmjs.org/verror/-/verror-1.10.0.tgz"
    integrity sha512-ZZKSmDAEFOijERBLkmYfJ+vmk3w+7hOLYDNkRCuRuMJGEmqYNCNLyBBFwWKVMhfwaEF3WOd0Zlw86U/WC/+nYw==
    dependencies:
      assert-plus "^1.0.0"
      core-util-is "1.0.2"
      extsprintf "^1.2.0"
  
  websocket-driver@>=0.5.1:
    version "0.6.5"
    resolved "https://registry.npmjs.org/websocket-driver/-/websocket-driver-0.6.5.tgz"
    integrity sha512-oBx6ZM1Gs5q2jwZuSN/Qxyy/fbgomV8+vqsmipaPKB/74hjHlKuM07jNmRhn4qa2AdUwsgxrltq+gaPsHgcl0Q==
    dependencies:
      websocket-extensions ">=0.1.1"
  
  websocket-extensions@>=0.1.1:
    version "0.1.1"
    resolved "https://registry.npmjs.org/websocket-extensions/-/websocket-extensions-0.1.1.tgz"
    integrity sha512-j3+ycRZsSqNQZdpj5r+UZJHNlYKR3EGpL9cbVHf60+K9BuLJdNebVXrVzmDlLzN+im56Ll9BssyG8BwRmDlEQw==
  
  whet.extend@~0.9.9:
    version "0.9.9"
    resolved "https://registry.npmjs.org/whet.extend/-/whet.extend-0.9.9.tgz"
    integrity sha512-mmIPAft2vTgEILgPeZFqE/wWh24SEsR/k+N9fJ3Jxrz44iDFy9aemCxdksfURSHYFCLmvs/d/7Iso5XjPpNfrA==
  
  which@~1.0.5:
    version "1.0.9"
    resolved "https://registry.npmjs.org/which/-/which-1.0.9.tgz"
    integrity sha512-E87fdQ/eRJr9W1X4wTPejNy9zTW3FI2vpCZSJ/HAY+TkjKVC0TUm1jk6vn2Z7qay0DQy0+RBGdXxj+RmmiGZKQ==
  
  which@~1.2.2:
    version "1.2.14"
    resolved "https://registry.npmjs.org/which/-/which-1.2.14.tgz"
    integrity sha512-16uPglFkRPzgiUXYMi1Jf8Z5EzN1iB4V0ZtMXcHZnwsBtQhhHeCqoWw7tsUY42hJGNDWtUsVLTjakIa5BgAxCw==
    dependencies:
      isexe "^2.0.0"
  
  window-size@0.1.0:
    version "0.1.0"
    resolved "https://registry.npmjs.org/window-size/-/window-size-0.1.0.tgz"
    integrity sha512-1pTPQDKTdd61ozlKGNCjhNRd+KPmgLSGa3mZTHoOliaGcESD8G1PXhh7c1fgiPjVbNVfgy2Faw4BI8/m0cC8Mg==
  
  wordwrap@0.0.2:
    version "0.0.2"
    resolved "https://registry.npmjs.org/wordwrap/-/wordwrap-0.0.2.tgz"
    integrity sha512-xSBsCeh+g+dinoBv3GAOWM4LcVVO68wLXRanibtBSdUvkGWQRGeE9P7IwU9EmDDi4jA6L44lz15CGMwdw9N5+Q==
  
  wrappy@1:
    version "1.0.2"
    resolved "https://registry.npmjs.org/wrappy/-/wrappy-1.0.2.tgz"
    integrity sha512-l4Sp/DRseor9wL6EvV2+TuQn63dMkPjZ/sp9XkghTEbV9KlPS1xUsZ3u7/IQO4wxtcFB4bgpQPRcR3QCvezPcQ==
  
  xtend@^4.0.0:
    version "4.0.1"
    resolved "https://registry.npmjs.org/xtend/-/xtend-4.0.1.tgz"
    integrity sha512-iTwvhNBRetXWe81+VcIw5YeadVSWyze7uA7nVnpP13ulrpnJ3UfQm5ApGnrkmxDJFdrblRdZs0EvaTCIfei5oQ==
  
  yargs@~3.5.4:
    version "3.5.4"
    resolved "https://registry.npmjs.org/yargs/-/yargs-3.5.4.tgz"
    integrity sha512-5j382E4xQSs71p/xZQsU1PtRA2HXPAjX0E0DkoGLxwNASMOKX6A9doV1NrZmj85u2Pjquz402qonBzz/yLPbPA==
    dependencies:
      camelcase "^1.0.2"
      decamelize "^1.0.0"
      window-size "0.1.0"
      wordwrap "0.0.2"
  
  yauzl@2.4.1:
    version "2.4.1"
    resolved "https://registry.npmjs.org/yauzl/-/yauzl-2.4.1.tgz"
    integrity sha512-TXNR2Feu/p/8k5YRy4z45wCUhoncIrZywmRd+xW0IvB3lWTAM7F6wVbeJvRjO0dplQ8oqmJEj/TpJuULBV/hbw==
    dependencies:
      fd-slicer "~1.0.1"
  
  zlib-browserify@0.0.1:
    version "0.0.1"
    resolved "https://registry.npmjs.org/zlib-browserify/-/zlib-browserify-0.0.1.tgz"
    integrity sha512-fheIDCKXU0YAGZMv4FFwVTBMQRSv2ZjNqRN1VkZjetZDK/BC/hViEhasTh0kTeogcsIAl5gYE04GN53trT+cFw==
